URL,Title,Total Links,PA,Linking Domains to Page,HTTP Status Code,Outbound Domains from Page,Outbound Links from Page
www.mayoclinic.org/,\r\n        Mayo Clinic - Mayo Clinic,1008399,74,34849,200,10,31
www.mayoclinic.org/healthy-lifestyle/nutrition-and-healthy-eating/in-depth/water/art-20044256,\r\n\tWater: How much should you drink every day? - Mayo Clinic\r\n,11319,68,3523,200,10,37
www.mayoclinic.org/healthy-lifestyle/fitness/in-depth/exercise/art-20048389,\r\n\tExercise: 7 benefits of regular physical activity - Mayo Clinic\r\n,7961,67,2779,200,10,37
www.mayoclinic.org/healthy-lifestyle/nutrition-and-healthy-eating/in-depth/mediterranean-diet/art-20047801,\r\n\tMediterranean diet for heart health - Mayo Clinic\r\n,8152,67,2675,200,10,37
www.mayoclinic.org/healthy-lifestyle/stress-management/in-depth/stress-symptoms/art-20050987,\r\n\tStress symptoms: Effects on your body and behavior - Mayo Clinic\r\n,5819,67,2365,200,10,36
www.mayoclinic.org/diseases-conditions/seasonal-affective-disorder/symptoms-causes/syc-20364651,\r\n        Seasonal affective disorder (SAD) - Symptoms and causes - Mayo Clinic,9835,67,4191,200,0,0
www.mayoclinic.org/tests-procedures/meditation/in-depth/meditation/art-20045858,\r\n\tMeditation: Take a stress-reduction break wherever you are - Mayo Clinic\r\n,29269,67,2983,200,8,32
www.mayoclinic.org/healthy-lifestyle/adult-health/expert-answers/sitting/faq-20058005,\r\n\tSitting risks: How harmful is too much sitting? - Mayo Clinic\r\n,6446,67,3058,200,10,27
www.mayoclinic.org/healthy-lifestyle/stress-management/in-depth/stress/art-20046037,\r\n\tChronic stress puts your health at risk - Mayo Clinic\r\n,4325,66,1886,200,10,36
www.mayoclinic.org/healthy-lifestyle/nutrition-and-healthy-eating/in-depth/caffeine/art-20045678,\r\n\tCaffeine: How much is too much? - Mayo Clinic\r\n,6076,66,2347,200,10,37
www.mayoclinic.org/healthy-lifestyle/stress-management/in-depth/exercise-and-stress/art-20044469,\r\n\tExercise and stress: Get moving to manage stress - Mayo Clinic\r\n,4999,66,1865,200,10,36
www.mayoclinic.org/healthy-lifestyle/nutrition-and-healthy-eating/expert-answers/bpa/faq-20058331,\r\n\tWhat is BPA? Should I be worried about it? - Mayo Clinic\r\n,17664,66,1926,200,10,35
www.mayoclinic.org/healthy-lifestyle/nutrition-and-healthy-eating/in-depth/fiber/art-20043983,\r\n\tDietary fiber: Essential for a healthy diet - Mayo Clinic\r\n,8856,66,2322,200,10,37
www.mayoclinic.org/diseases-conditions/depression/in-depth/depression-and-exercise/art-20046495,\r\n\tDepression and anxiety: Exercise eases symptoms - Mayo Clinic\r\n,5351,66,1741,200,8,32
www.mayoclinic.org/healthy-lifestyle/stress-management/in-depth/positive-thinking/art-20043950,\r\n\tPositive thinking: Reduce stress by eliminating negative self-talk - Mayo Clinic\r\n,4254,65,1620,200,10,35
www.mayoclinic.org/healthy-lifestyle/stress-management/in-depth/massage/art-20045743,\r\n\tMassage: Get in touch with its many benefits - Mayo Clinic\r\n,11030,65,1341,200,10,36
www.mayoclinic.org/diseases-conditions/heart-disease/in-depth/red-wine/art-20048281,\r\n\tRed wine and resveratrol: Good for your heart? - Mayo Clinic\r\n,3934,65,1632,200,8,32
www.mayoclinic.org/diseases-conditions/sleep-apnea/symptoms-causes/syc-20377631,\r\n        Sleep apnea - Symptoms and causes - Mayo Clinic,38868,65,2105,200,10,34
www.mayoclinic.org/healthy-lifestyle/fitness/expert-answers/exercise/faq-20057916,\r\n\tExercise: How much do I need every day? - Mayo Clinic\r\n,3112,65,1534,200,10,36
www.mayoclinic.org/diseases-conditions/post-traumatic-stress-disorder/symptoms-causes/syc-20355967,\r\n        Post-traumatic stress disorder (PTSD) - Symptoms and causes - Mayo Clinic,10760,65,2215,200,10,33
www.mayoclinic.org/diseases-conditions/seasonal-affective-disorder/basics/definition/con-20021047,,3615,65,1461,301,0,0
www.mayoclinic.org/diseases-conditions/scoliosis/symptoms-causes/syc-20350716,\r\n        Scoliosis - Symptoms and causes - Mayo Clinic,3349,65,1511,200,10,26
www.mayoclinic.org/diseases-conditions/cervical-spondylosis/symptoms-causes/syc-20370787,\r\n        Cervical spondylosis - Symptoms and causes - Mayo Clinic,27841,65,1364,200,0,0
www.mayoclinic.org/healthy-lifestyle/stress-management/in-depth/stress-relief/art-20044456,\r\n\tStress relief from laughter? It's no joke - Mayo Clinic\r\n,5934,65,1851,200,10,35
mayoclinic.org/,,48944,65,1669,301,0,0
www.mayoclinic.org/diseases-conditions/depression/symptoms-causes/syc-20356007,\r\n        Depression (major depressive disorder) - Symptoms and causes - Mayo Clinic,14873,65,2520,200,10,34
www.mayoclinic.org/diseases-conditions/rheumatoid-arthritis/symptoms-causes/syc-20353648,\r\n        Rheumatoid arthritis - Symptoms and causes - Mayo Clinic,9533,64,1498,200,10,34
www.mayoclinic.org/diseases-conditions/insomnia/expert-answers/lack-of-sleep/faq-20057757,\r\n\tLack of sleep: Can it make you sick? - Mayo Clinic\r\n,3990,64,1228,200,8,31
www.mayoclinic.org/healthy-lifestyle/nutrition-and-healthy-eating/in-depth/caffeine/art-20049372,"\r\n\tCaffeine content for coffee, tea, soda and more - Mayo Clinic\r\n",3198,64,1222,200,10,37
www.mayoclinic.org/diseases-conditions/high-blood-cholesterol/in-depth/triglycerides/art-20048186,\r\n\tTriglycerides: Why do they matter? - Mayo Clinic\r\n,3276,64,1046,200,8,32
www.mayoclinic.org/diseases-conditions/traumatic-brain-injury/symptoms-causes/syc-20378557,\r\n        Traumatic brain injury - Symptoms and causes - Mayo Clinic,7069,64,1735,200,10,33
www.mayoclinic.org/diseases-conditions/migraine-headache/symptoms-causes/syc-20360201,\r\n        Migraine - Symptoms and causes - Mayo Clinic,5022,64,1828,200,10,34
www.mayoclinic.org/healthy-lifestyle/adult-health/in-depth/dental/art-20047475,\r\n\tOral health: A window to your overall health - Mayo Clinic\r\n,3089,64,1566,200,10,34
www.mayoclinic.org/healthy-lifestyle/nutrition-and-healthy-eating/in-depth/dash-diet/art-20048456,\r\n\tDASH diet: Healthy eating to lower your blood pressure - Mayo Clinic\r\n,2981,64,1075,200,10,37
www.mayoclinic.org/diseases-conditions/high-blood-cholesterol/in-depth/trans-fat/art-20046114,\r\n\tTrans fat is double trouble for your heart health - Mayo Clinic\r\n,3123,64,1151,200,8,25
www.mayoclinic.org/diseases-conditions/pcos/symptoms-causes/syc-20353439,\r\n        Polycystic ovary syndrome (PCOS) - Symptoms and causes - Mayo Clinic,4594,64,1579,200,10,33
www.mayoclinic.org/healthy-lifestyle/fitness/in-depth/walking/art-20046261,"\r\n\tWalking: Trim your waistline, improve your health - Mayo Clinic\r\n",3092,64,1221,200,10,36
www.mayoclinic.org/healthy-lifestyle/weight-loss/in-depth/metabolism/art-20046508,\r\n\tMetabolism and weight loss: How you burn calories - Mayo Clinic\r\n,3058,64,1223,200,10,35
www.mayoclinic.org/diseases-conditions/depression/in-depth/ssris/art-20044825,\r\n\tSelective serotonin reuptake inhibitors (SSRIs) - Mayo Clinic\r\n,3603,64,1176,200,8,25
www.mayoclinic.org/diseases-conditions/anxiety/symptoms-causes/syc-20350961,\r\n        Anxiety disorders - Symptoms and causes - Mayo Clinic,18912,64,1467,200,10,26
www.mayoclinic.org/healthy-lifestyle/womens-health/in-depth/kegel-exercises/art-20045283,\r\n\tKegel exercises: A how-to guide for women - Mayo Clinic\r\n,2302,64,1104,200,10,37
www.mayoclinic.org/diseases-conditions/high-blood-pressure/in-depth/high-blood-pressure/art-20046974,\r\n\t10 ways to control high blood pressure without medication - Mayo Clinic\r\n,3064,64,1130,200,8,27
www.mayoclinic.org/healthy-lifestyle/adult-health/in-depth/burnout/art-20046642,\r\n\tJob burnout: How to spot it and take action - Mayo Clinic\r\n,2506,64,1251,200,10,34
www.mayoclinic.org/diseases-conditions/fibromyalgia/symptoms-causes/syc-20354780,\r\n        Fibromyalgia - Symptoms and causes - Mayo Clinic,17060,64,2119,200,10,35
www.mayoclinic.org/diseases-conditions/heart-disease/symptoms-causes/syc-20353118,\r\n        Heart disease - Symptoms and causes - Mayo Clinic,7463,64,1540,200,10,34
www.mayoclinic.org/diseases-conditions/endometriosis/symptoms-causes/syc-20354656,\r\n        Endometriosis - Symptoms and causes - Mayo Clinic,4658,64,1699,200,10,33
www.mayoclinic.org/diseases-conditions/irritable-bowel-syndrome/symptoms-causes/syc-20360016,\r\n        Irritable bowel syndrome - Symptoms and causes - Mayo Clinic,6214,64,1710,200,11,35
www.mayoclinic.org/about-this-site/welcome,\r\n\tWelcome - About This Site - Mayo Clinic\r\n,22467,64,1155,,8,19
www.mayoclinic.org/diseases-conditions,\r\n\tDiseases and Conditions - Mayo Clinic\r\n,34534,64,1075,200,10,26
www.mayoclinic.org/diseases-conditions/dehydration/symptoms-causes/syc-20354086,\r\n        Dehydration - Symptoms and causes - Mayo Clinic,16402,64,2308,200,10,33
www.mayoclinic.org/diseases-conditions/narcissistic-personality-disorder/symptoms-causes/syc-20366662,\r\n        Narcissistic personality disorder - Symptoms and causes - Mayo Clinic,8286,64,2050,200,10,33
www.mayoclinic.org/healthy-lifestyle/adult-health/in-depth/office-ergonomics/art-20046169,\r\n\tOffice ergonomics: Your how-to guide - Mayo Clinic\r\n,3862,63,903,200,10,27
www.mayoclinic.org/healthy-lifestyle/nutrition-and-healthy-eating/in-depth/fat/art-20045550,\r\n\tDietary fats: Know which types to choose - Mayo Clinic\r\n,1962,63,808,200,10,30
www.mayoclinic.org/healthy-lifestyle/nutrition-and-healthy-eating/in-depth/high-fiber-foods/art-20050948,\r\n\tHigh-fiber foods - Mayo Clinic\r\n,2583,63,867,200,10,30
www.mayoclinic.org/healthy-lifestyle/nutrition-and-healthy-eating/in-depth/alcohol/art-20044551,\r\n\tAlcohol use: Weighing risks and benefits - Mayo Clinic\r\n,2612,63,925,200,10,37
www.mayoclinic.org/diseases-conditions/copd/symptoms-causes/syc-20353679,\r\n        COPD - Symptoms and causes - Mayo Clinic,3549,63,973,200,10,33
www.mayoclinic.org/healthy-lifestyle/stress-management/in-depth/yoga/art-20044733,\r\n\tYoga: Fight stress and find serenity - Mayo Clinic\r\n,1689,63,761,200,10,36
www.mayoclinic.org/diseases-conditions/parkinsons-disease/symptoms-causes/syc-20376055,\r\n        Parkinson's disease - Symptoms and causes - Mayo Clinic,5793,63,1626,200,10,33
www.mayoclinic.org/diseases-conditions/multiple-sclerosis/symptoms-causes/syc-20350269,\r\n        Multiple sclerosis - Symptoms and causes - Mayo Clinic,3669,63,1167,200,10,33
www.mayoclinic.org/healthy-lifestyle/adult-health/in-depth/friendships/art-20044860,\r\n\tFriendships: Enrich your life and improve your health - Mayo Clinic\r\n,1968,63,945,200,10,34
www.mayoclinic.org/diseases-conditions/erectile-dysfunction/symptoms-causes/syc-20355776,\r\n        Erectile dysfunction - Symptoms and causes - Mayo Clinic,4195,63,1426,200,10,34
www.mayoclinic.org/diseases-conditions/alzheimers-disease/symptoms-causes/syc-20350447,\r\n        Alzheimer's disease - Symptoms and causes - Mayo Clinic,4124,63,1217,200,10,35
www.mayoclinic.org/healthy-lifestyle/fitness/expert-answers/heart-rate/faq-20057979,\r\n\tHeart rate: What's normal? - Mayo Clinic\r\n,2190,63,736,200,10,37
www.mayoclinic.org/diseases-conditions/hair-loss/symptoms-causes/syc-20372926,\r\n        Hair loss - Symptoms and causes - Mayo Clinic,5894,63,1008,200,10,33
www.mayoclinic.org/diseases-conditions/acne/symptoms-causes/syc-20368047,\r\n        Acne - Symptoms and causes - Mayo Clinic,4497,63,1290,200,10,34
www.mayoclinic.org/diseases-conditions/heart-disease/in-depth/nuts/art-20046635,\r\n\tNuts and your heart: Eating nuts for heart health - Mayo Clinic\r\n,1939,63,909,200,8,32
www.mayoclinic.org/diseases-conditions/insomnia/symptoms-causes/syc-20355167,\r\n        Insomnia - Symptoms and causes - Mayo Clinic,2582,63,1092,200,10,34
www.mayoclinic.org/healthy-lifestyle/weight-loss/in-depth/low-carb-diet/art-20045831,\r\n\tLow-carb diet: Can it help you lose weight? - Mayo Clinic\r\n,2485,63,910,200,10,35
www.mayoclinic.org/diseases-conditions/dementia/symptoms-causes/syc-20352013,\r\n        Dementia - Symptoms and causes - Mayo Clinic,3854,63,1071,200,10,34
www.mayoclinic.org/tests-procedures/in-vitro-fertilization/about/pac-20384716,\r\n        In vitro fertilization (IVF) - Mayo Clinic,2520,63,1041,200,10,29
www.mayoclinic.org/diseases-conditions/crohns-disease/symptoms-causes/syc-20353304,\r\n        Crohn's disease - Symptoms and causes - Mayo Clinic,4112,63,1284,200,10,27
www.mayoclinic.org/diseases-conditions/back-pain/symptoms-causes/syc-20369906,\r\n        Back pain - Symptoms and causes - Mayo Clinic,4276,63,990,200,10,34
www.mayoclinic.org/diseases-conditions/psoriasis/symptoms-causes/syc-20355840,\r\n        Psoriasis - Symptoms and causes - Mayo Clinic,5438,63,1183,200,10,34
www.mayoclinic.org/diseases-conditions/plantar-fasciitis/symptoms-causes/syc-20354846,\r\n        Plantar fasciitis - Symptoms and causes - Mayo Clinic,6168,63,1209,200,10,33
www.mayoclinic.org/diseases-conditions/high-blood-pressure/in-depth/high-blood-pressure/art-20045868,\r\n\tHigh blood pressure dangers: Hypertension's effects on your body - Mayo Clinic\r\n,2301,63,792,200,8,34
www.mayoclinic.org/diseases-conditions/type-2-diabetes/symptoms-causes/syc-20351193,\r\n        Type 2 diabetes - Symptoms and causes - Mayo Clinic,8829,63,1428,200,10,28
www.mayoclinic.org/diseases-conditions/stroke/symptoms-causes/syc-20350113,\r\n        Stroke - Symptoms and causes - Mayo Clinic,4447,63,1100,200,10,34
www.mayoclinic.org/healthy-lifestyle/nutrition-and-healthy-eating/in-depth/gluten-free-diet/art-20048530,\r\n\tGluten-free diet - Mayo Clinic\r\n,1845,63,769,200,10,37
www.mayoclinic.org/diseases-conditions/sepsis/symptoms-causes/syc-20351214,\r\n        Sepsis - Symptoms and causes - Mayo Clinic,4369,63,1198,200,10,33
www.mayoclinic.org/diseases-conditions/diabetes/symptoms-causes/syc-20371444,\r\n        Diabetes - Symptoms and causes - Mayo Clinic,6681,63,1371,200,10,34
www.mayoclinic.org/diseases-conditions/hypothyroidism/symptoms-causes/syc-20350284,\r\n        Hypothyroidism - Symptoms and causes - Mayo Clinic,15847,63,1306,200,10,33
www.mayoclinic.org/diseases-conditions/urinary-tract-infection/symptoms-causes/syc-20353447,\r\n        Urinary tract infection (UTI) - Symptoms and causes - Mayo Clinic,12767,63,1360,200,10,34
www.mayoclinic.org/tests-procedures/cognitive-behavioral-therapy/about/pac-20384610,\r\n        Cognitive behavioral therapy - Mayo Clinic,3244,63,1344,200,10,28
www.mayoclinic.org/diseases-conditions/narcissistic-personality-disorder/basics/definition/con-20025568,,2024,63,688,301,0,0
www.mayoclinic.org/patient-care-and-health-information,\r\n\tPatient Care and Health Information - Patient Care and Health Information - Mayo Clinic\r\n,29109,63,1081,200,11,28
www.mayoclinic.org/diseases-conditions/preeclampsia/symptoms-causes/syc-20355745,\r\n        Preeclampsia - Symptoms and causes - Mayo Clinic,2903,63,1249,200,10,33
www.mayoclinic.org/diseases-conditions/osteoarthritis/symptoms-causes/syc-20351925,\r\n        Osteoarthritis - Symptoms and causes - Mayo Clinic,6660,63,1172,200,10,34
www.mayoclinic.org/diseases-conditions/chronic-fatigue-syndrome/symptoms-causes/syc-20360490,\r\n        Chronic fatigue syndrome - Symptoms and causes - Mayo Clinic,5459,63,1276,200,10,26
www.mayoclinic.org/healthy-lifestyle/adult-health/expert-answers/how-many-hours-of-sleep-are-enough/faq-20057898,\r\n\tHow many hours of sleep are enough? - Mayo Clinic\r\n,2257,63,913,200,10,33
www.mayoclinic.org/diseases-conditions/metabolic-syndrome/symptoms-causes/syc-20351916,\r\n        Metabolic syndrome - Symptoms and causes - Mayo Clinic,3090,63,1189,200,10,29
www.mayoclinic.org/healthy-lifestyle/fitness/in-depth/stretching/art-20047931,\r\n\tStretching: Focus on flexibility - Mayo Clinic\r\n,1966,63,803,200,10,36
www.mayoclinic.org/diseases-conditions/tinnitus/symptoms-causes/syc-20350156,\r\n        Tinnitus - Symptoms and causes - Mayo Clinic,3892,63,1240,200,10,27
www.mayoclinic.org/healthy-lifestyle/adult-health/in-depth/sleep/art-20048379,\r\n\tSleep tips: 6 steps to better sleep - Mayo Clinic\r\n,4705,63,1087,200,10,34
www.mayoclinic.org/diseases-conditions/high-blood-pressure/symptoms-causes/syc-20373410,\r\n        High blood pressure (hypertension) - Symptoms and causes - Mayo Clinic,6494,63,1587,200,10,36
www.mayoclinic.org/diseases-conditions/seasonal-affective-disorder/in-depth/seasonal-affective-disorder-treatment/art-20048298,\r\n\tSeasonal affective disorder treatment: Choosing a light box - Mayo Clinic\r\n,1850,63,823,200,8,30
www.mayoclinic.org/diseases-conditions/heart-disease/in-depth/heart-healthy-diet/art-20047702,\r\n\tHeart-healthy diet: 8 steps to prevent heart disease - Mayo Clinic\r\n,2492,63,918,200,8,25
www.mayoclinic.org/healthy-lifestyle/weight-loss/in-depth/calories/art-20048065,\r\n\tCounting calories: Get back to weight-loss basics - Mayo Clinic\r\n,1675,63,700,200,10,35
www.mayoclinic.org/diseases-conditions/osteoporosis/symptoms-causes/syc-20351968,\r\n        Osteoporosis - Symptoms and causes - Mayo Clinic,3655,63,1382,200,10,29
www.mayoclinic.org/diseases-conditions/fibromyalgia/basics/definition/con-20019243,,3902,63,696,301,0,0
www.mayoclinic.org/healthy-lifestyle/adult-health/expert-answers/uv-protection/faq-20058021,\r\n\tChoosing sunglasses: Is UV protection important? - Mayo Clinic\r\n,1608,63,923,200,10,35
www.mayoclinic.org/diseases-conditions/tmj/symptoms-causes/syc-20350941,\r\n        TMJ disorders - Symptoms and causes - Mayo Clinic,2551,63,959,200,10,32
www.mayoclinic.org/first-aid/first-aid-cpr/basics/art-20056600,\r\n\tCardiopulmonary resuscitation (CPR): First aid - Mayo Clinic\r\n,1599,63,713,200,10,34
www.mayoclinic.org/diseases-conditions/concussion/symptoms-causes/syc-20355594,\r\n        Concussion - Symptoms and causes - Mayo Clinic,3888,63,1293,200,10,33
newsnetwork.mayoclinic.org/,Mayo Clinic News Network – News Resources,28394,63,1437,200,3,3
www.mayoclinic.org/diseases-conditions/high-blood-cholesterol/in-depth/statin-side-effects/art-20046013,\r\n\tStatin side effects: Weigh the benefits and risks - Mayo Clinic\r\n,2356,63,799,200,8,25
www.mayoclinic.org/healthy-lifestyle/stress-management/in-depth/stress/art-20047544,"\r\n\tStress, depression and the holidays: Tips for coping - Mayo Clinic\r\n",2039,63,799,200,10,35
www.mayoclinic.org/healthy-lifestyle/nutrition-and-healthy-eating/in-depth/carbohydrates/art-20045705,\r\n\tCarbohydrates: How carbs fit into a healthy diet - Mayo Clinic\r\n,1849,62,745,200,10,37
www.mayoclinic.org/diseases-conditions/heart-disease/in-depth/omega-3/art-20045614,\r\n\tOmega-3 in fish: How eating fish helps your heart - Mayo Clinic\r\n,1307,62,635,200,8,32
www.mayoclinic.org/diseases-conditions/bipolar-disorder/symptoms-causes/syc-20355955,\r\n        Bipolar disorder - Symptoms and causes - Mayo Clinic,2476,62,991,200,10,33
www.mayoclinic.org/healthy-lifestyle/getting-pregnant/in-depth/symptoms-of-pregnancy/art-20043853,\r\n\tSymptoms of pregnancy: What happens first - Mayo Clinic\r\n,2169,62,587,200,10,26
www.mayoclinic.org/healthy-lifestyle/consumer-health/expert-answers/aromatherapy/faq-20058566,\r\n\tAromatherapy: Is it worthwhile? - Mayo Clinic\r\n,1570,62,643,200,10,35
www.mayoclinic.org/healthy-lifestyle/infant-and-toddler-health/in-depth/infant-massage/art-20047151?pg=2,\r\n\tInfant massage: Understand this soothing therapy - Mayo Clinic\r\n,508,62,504,200,0,0
www.mayoclinic.org/diseases-conditions/hashimotos-disease/symptoms-causes/syc-20351855,\r\n        Hashimoto's disease - Symptoms and causes - Mayo Clinic,4762,62,1051,200,10,33
www.mayoclinic.org/diseases-conditions/autism-spectrum-disorder/symptoms-causes/syc-20352928,\r\n        Autism spectrum disorder - Symptoms and causes - Mayo Clinic,4574,62,859,200,10,25
www.mayoclinic.org/diseases-conditions/anemia/symptoms-causes/syc-20351360,\r\n        Anemia - Symptoms and causes - Mayo Clinic,2803,62,955,200,10,33
www.mayoclinic.org/diseases-conditions/high-blood-cholesterol/in-depth/cholesterol/art-20045192,\r\n\tCholesterol: Top foods to improve your numbers - Mayo Clinic\r\n,5077,62,897,200,8,32
www.mayoclinic.org/diseases-conditions/chronic-kidney-disease/symptoms-causes/syc-20354521,\r\n        Chronic kidney disease - Symptoms and causes - Mayo Clinic,2893,62,754,200,10,32
www.mayoclinic.org/diseases-conditions/gerd/symptoms-causes/syc-20361940,\r\n        Gastroesophageal reflux disease (GERD) - Symptoms and causes - Mayo Clinic,6148,62,1091,200,10,35
www.mayoclinic.org/diseases-conditions/deep-vein-thrombosis/symptoms-causes/syc-20352557,\r\n        Deep vein thrombosis - Symptoms and causes - Mayo Clinic,4447,62,1142,200,10,26
www.mayoclinic.org/diseases-conditions/lupus/symptoms-causes/syc-20365789,\r\n        Lupus - Symptoms and causes - Mayo Clinic,3426,62,1110,200,10,33
www.mayoclinic.org/diseases-conditions/common-cold/symptoms-causes/syc-20351605,\r\n        Common cold - Symptoms and causes - Mayo Clinic,3775,62,741,200,10,34
www.mayoclinic.org/diseases-conditions/narcissistic-personality-disorder/basics/symptoms/con-20025568,,2418,62,550,301,0,0
www.mayoclinic.org/diseases-conditions/shingles/symptoms-causes/syc-20353054,\r\n        Shingles - Symptoms and causes - Mayo Clinic,4674,62,882,200,10,34
www.mayoclinic.org/diseases-conditions/diabetic-ketoacidosis/symptoms-causes/syc-20371551,\r\n        Diabetic ketoacidosis - Symptoms and causes - Mayo Clinic,2115,62,783,200,10,33
www.mayoclinic.org/diseases-conditions/cirrhosis/symptoms-causes/syc-20351487,\r\n        Cirrhosis - Symptoms and causes - Mayo Clinic,3021,62,642,200,10,33
www.mayoclinic.org/diseases-conditions/salmonella/symptoms-causes/syc-20355329,\r\n        Salmonella infection - Symptoms and causes - Mayo Clinic,2055,62,769,200,10,33
www.mayoclinic.org/healthy-lifestyle/weight-loss/in-depth/exercise/art-20050999?pg=2,\r\n\tExercise for weight loss: Calories burned in 1 hour - Mayo Clinic\r\n,809,62,513,200,0,0
www.mayoclinic.org/diseases-conditions/celiac-disease/symptoms-causes/syc-20352220,\r\n        Celiac disease - Symptoms and causes - Mayo Clinic,3203,62,1273,200,10,34
www.mayoclinic.org/diseases-conditions/drug-addiction/symptoms-causes/syc-20365112,\r\n        Drug addiction (substance use disorder) - Symptoms and causes - Mayo Clinic,4641,62,1013,200,10,27
www.mayoclinic.org/healthy-lifestyle/adult-health/in-depth/anger-management/art-20045434,\r\n\tAnger management: 10 tips to tame your temper - Mayo Clinic\r\n,1713,62,705,200,10,27
www.mayoclinic.org/healthy-lifestyle/stress-management/in-depth/relaxation-technique/art-20045368,\r\n\tRelaxation techniques: Try these steps to reduce stress - Mayo Clinic\r\n,2183,62,789,200,10,29
www.mayoclinic.org/healthy-lifestyle/adult-health/in-depth/forgiveness/art-20047692,\r\n\tForgiveness: Letting go of grudges and bitterness - Mayo Clinic\r\n,1441,62,568,200,10,34
www.mayoclinic.org/diseases-conditions/pneumonia/symptoms-causes/syc-20354204,\r\n        Pneumonia - Symptoms and causes - Mayo Clinic,5085,62,912,200,10,33
www.mayoclinic.org/first-aid/first-aid-burns/basics/art-20056649,\r\n\tBurns: First aid - Mayo Clinic\r\n,1456,62,533,200,10,34
www.mayoclinic.org/diseases-conditions/mrsa/basics/definition/con-20024479,,1773,62,640,301,0,0
www.mayoclinic.org/diseases-conditions/syphilis/symptoms-causes/syc-20351756,\r\n        Syphilis - Symptoms and causes - Mayo Clinic,1672,62,625,200,10,33
www.mayoclinic.org/diseases-conditions/high-blood-pressure/basics/definition/con-20019580,,1339,62,573,301,0,0
www.mayoclinic.org/diseases-conditions/whiplash/symptoms-causes/syc-20378921,\r\n        Whiplash - Symptoms and causes - Mayo Clinic,2874,62,872,200,10,26
www.mayoclinic.org/healthy-lifestyle/fitness/in-depth/strength-training/art-20046670,"\r\n\tStrength training: Get stronger, leaner, healthier - Mayo Clinic\r\n",3222,62,559,200,10,36
www.mayoclinic.org/tests-procedures/light-therapy/about/pac-20384604,\r\n        Light therapy - Mayo Clinic,1683,62,886,200,10,33
www.mayoclinic.org/diseases-conditions/parkinsons-disease/basics/definition/con-20028488,,1647,62,559,301,0,0
www.mayoclinic.org/healthy-lifestyle/nutrition-and-healthy-eating/expert-answers/coffee-and-health/faq-20058339,\r\n\tCoffee and health: What does the research say? - Mayo Clinic\r\n,1791,62,798,200,10,37
www.mayoclinic.org/diseases-conditions/dry-eyes/symptoms-causes/syc-20371863,\r\n        Dry eyes - Symptoms and causes - Mayo Clinic,6557,62,784,200,10,34
www.mayoclinic.org/healthy-lifestyle/adult-health/in-depth/skin-care/art-20048237,\r\n\tSkin care: 5 tips for healthy skin - Mayo Clinic\r\n,2097,62,698,200,10,26
www.mayoclinic.org/healthy-lifestyle/nutrition-and-healthy-eating/in-depth/paleo-diet/art-20111182,\r\n\tPaleo diet: What is it and why is it so popular? - Mayo Clinic\r\n,1469,62,704,200,10,36
www.mayoclinic.org/diseases-conditions/postpartum-depression/symptoms-causes/syc-20376617,\r\n        Postpartum depression - Symptoms and causes - Mayo Clinic,3313,62,1243,200,10,25
www.mayoclinic.org/diseases-conditions/anaphylaxis/symptoms-causes/syc-20351468,\r\n        Anaphylaxis - Symptoms and causes - Mayo Clinic,2697,62,812,200,10,33
www.mayoclinic.org/diseases-conditions/cataracts/symptoms-causes/dxc-20215129,,681,62,581,301,0,0
www.mayoclinic.org/diseases-conditions/menopause/symptoms-causes/syc-20353397,\r\n        Menopause - Symptoms and causes - Mayo Clinic,3616,62,1006,200,10,26
www.mayoclinic.org/diseases-conditions/diabetes/in-depth/diabetes-diet/art-20044295,\r\n\tDiabetes diet: Create your healthy-eating plan - Mayo Clinic\r\n,4647,62,582,200,8,32
www.mayoclinic.org/diseases-conditions/e-coli/symptoms-causes/syc-20372058,\r\n        E. coli - Symptoms and causes - Mayo Clinic,2107,62,998,200,10,33
www.mayoclinic.org/diseases-conditions/coronavirus/symptoms-causes/syc-20479963,\r\n        Coronavirus - Symptoms and causes - Mayo Clinic,14924,62,554,200,0,0
www.mayoclinic.org/healthy-lifestyle/nutrition-and-healthy-eating/expert-answers/monosodium-glutamate/faq-20058196,\r\n\tMonosodium glutamate (MSG): Is it harmful? - Mayo Clinic\r\n,1552,62,760,200,10,37
www.mayoclinic.org/diseases-conditions/heat-stroke/symptoms-causes/syc-20353581,\r\n        Heatstroke - Symptoms and causes - Mayo Clinic,6719,62,1048,200,10,33
www.mayoclinic.org/healthy-living/nutrition-and-healthy-eating/in-depth/water/art-20044256,,1575,62,531,301,0,0
www.mayoclinic.org/diseases-conditions/atrial-fibrillation/symptoms-causes/syc-20350624,\r\n        Atrial fibrillation - Symptoms and causes - Mayo Clinic,5801,62,882,200,10,34
www.mayoclinic.org/diseases-conditions/type-1-diabetes/symptoms-causes/syc-20353011,\r\n        Type 1 diabetes - Symptoms and causes - Mayo Clinic,6940,62,877,200,10,34
www.mayoclinic.org/healthy-lifestyle/nutrition-and-healthy-eating/in-depth/artificial-sweeteners/art-20046936,\r\n\tArtificial sweeteners and other sugar substitutes - Mayo Clinic\r\n,1741,62,627,200,10,37
www.mayoclinic.org/diseases-conditions/cavities/symptoms-causes/syc-20352892,\r\n        Cavities/tooth decay - Symptoms and causes - Mayo Clinic,2935,62,821,200,0,0
www.mayoclinic.org/diseases-conditions/depression/in-depth/antidepressants/art-20046273,\r\n\tAntidepressants: Selecting one that's right for you - Mayo Clinic\r\n,2289,62,608,200,8,31
www.mayoclinic.org/diseases-conditions/colon-cancer/symptoms-causes/syc-20353669,\r\n        Colon cancer - Symptoms and causes - Mayo Clinic,6060,62,1036,200,10,27
www.mayoclinic.org/diseases-conditions/nonalcoholic-fatty-liver-disease/symptoms-causes/syc-20354567,\r\n        Nonalcoholic fatty liver disease - Symptoms and causes - Mayo Clinic,2887,62,773,200,10,25
www.mayoclinic.org/diseases-conditions/herniated-disk/symptoms-causes/syc-20354095,\r\n        Herniated disk - Symptoms and causes - Mayo Clinic,2643,62,904,200,10,34
www.mayoclinic.org/diseases-conditions/depression/basics/definition/con-20032977,,4580,62,576,301,0,0
www.mayoclinic.org/diseases-conditions/hypothermia/symptoms-causes/syc-20352682,\r\n        Hypothermia - Symptoms and causes - Mayo Clinic,3525,62,1113,200,10,33
www.mayoclinic.org/healthy-lifestyle/nutrition-and-healthy-eating/in-depth/calcium-supplements/art-20047097,\r\n\tCalcium and calcium supplements: Achieving the right balance - Mayo Clinic\r\n,2300,62,607,200,10,35
www.mayoclinic.org/diseases-conditions/irritable-bowel-syndrome/basics/definition/con-20024578,,1579,62,594,301,0,0
www.mayoclinic.org/diseases-conditions/asthma/symptoms-causes/syc-20369653,\r\n        Asthma - Symptoms and causes - Mayo Clinic,3512,62,1126,200,10,27
www.mayoclinic.org/diseases-conditions/guillain-barre-syndrome/symptoms-causes/syc-20362793,\r\n        Guillain-Barré syndrome - Symptoms and causes - Mayo Clinic,2190,62,990,200,10,33
www.mayoclinic.org/diseases-conditions/post-traumatic-stress-disorder/basics/definition/con-20022540,,2475,62,512,301,0,0
www.mayoclinic.org/healthy-lifestyle/sexual-health/in-depth/testosterone-therapy/art-20045728,\r\n\tTestosterone therapy: Potential benefits and risks as you age - Mayo Clinic\r\n,2109,62,566,200,10,34
www.mayoclinic.org/diseases-conditions/kidney-stones/symptoms-causes/syc-20355755,\r\n        Kidney stones - Symptoms and causes - Mayo Clinic,4144,62,1099,200,10,34
www.mayoclinic.org/diseases-conditions/heart-attack/symptoms-causes/syc-20373106,\r\n        Heart attack - Symptoms and causes - Mayo Clinic,2802,62,850,200,10,34
www.mayoclinic.org/diseases-conditions/high-blood-cholesterol/symptoms-causes/syc-20350800,\r\n        High cholesterol - Symptoms and causes - Mayo Clinic,2245,62,896,200,10,27
www.mayoclinic.org/healthy-lifestyle/stress-management/in-depth/tai-chi/art-20045184,\r\n\tTai chi: A gentle way to fight stress - Mayo Clinic\r\n,1361,62,591,200,10,35
www.mayoclinic.org/diseases-conditions/inflammatory-bowel-disease/symptoms-causes/syc-20353315,\r\n        Inflammatory bowel disease (IBD) - Symptoms and causes - Mayo Clinic,3266,62,878,200,10,34
www.mayoclinic.org/diseases-conditions/flu/symptoms-causes/syc-20351719,\r\n        Influenza (flu) - Symptoms and causes - Mayo Clinic,4381,62,949,200,10,34
www.mayoclinic.org/diseases-conditions/obstructive-sleep-apnea/symptoms-causes/syc-20352090,\r\n        Obstructive sleep apnea - Symptoms and causes - Mayo Clinic,2962,62,782,200,10,34
www.mayoclinic.org/diseases-conditions/high-blood-cholesterol/in-depth/reduce-cholesterol/art-20045935,\r\n\tTop 5 lifestyle changes to improve your cholesterol - Mayo Clinic\r\n,1560,62,662,200,8,31
www.mayoclinic.org/diseases-conditions/pregnancy-loss-miscarriage/symptoms-causes/syc-20354298,\r\n        Miscarriage - Symptoms and causes - Mayo Clinic,2066,62,726,200,10,34
www.mayoclinic.org/diseases-conditions/varicose-veins/symptoms-causes/syc-20350643,\r\n        Varicose veins - Symptoms and causes - Mayo Clinic,1876,62,738,200,10,34
www.mayoclinic.org/diseases-conditions/iron-deficiency-anemia/symptoms-causes/syc-20355034,\r\n        Iron deficiency anemia - Symptoms and causes - Mayo Clinic,2726,62,968,200,10,33
www.mayoclinic.org/diseases-conditions/atopic-dermatitis-eczema/symptoms-causes/syc-20353273,\r\n        Atopic dermatitis (eczema) - Symptoms and causes - Mayo Clinic,3659,62,794,200,10,34
www.mayoclinic.org/diseases-conditions/sudden-infant-death-syndrome/symptoms-causes/syc-20352800,\r\n        Sudden infant death syndrome (SIDS) - Symptoms and causes - Mayo Clinic,1533,62,810,200,10,33
www.mayoclinic.org/diseases-conditions/peripheral-neuropathy/symptoms-causes/syc-20352061,\r\n        Peripheral neuropathy - Symptoms and causes - Mayo Clinic,2960,62,884,200,10,34
www.mayoclinic.org/about-mayo-clinic,\r\n\tAbout Mayo Clinic - About Us - Mayo Clinic\r\n,38232,62,864,200,8,28
www.mayoclinic.org/diseases-conditions/common-cold/in-depth/cold-remedies/art-20046403,"\r\n\tCold remedies: What works, what doesn't, what can't hurt - Mayo Clinic\r\n",3118,62,745,200,8,24
www.mayoclinic.org/diseases-conditions/spinal-cord-injury/symptoms-causes/syc-20377890,\r\n        Spinal cord injury - Symptoms and causes - Mayo Clinic,3036,62,907,200,10,32
www.mayoclinic.org/diseases-conditions/sciatica/symptoms-causes/syc-20377435,\r\n        Sciatica - Symptoms and causes - Mayo Clinic,3816,62,1103,200,10,34
www.mayoclinic.org/diseases-conditions/measles/symptoms-causes/syc-20374857,\r\n        Measles - Symptoms and causes - Mayo Clinic,3887,62,826,200,10,33
www.mayoclinic.org/diseases-conditions/heart-failure/symptoms-causes/syc-20373142,\r\n        Heart failure - Symptoms and causes - Mayo Clinic,6365,62,783,200,10,34
www.mayoclinic.org/healthy-lifestyle/weight-loss/in-depth/mayo-clinic-diet/art-20045460,\r\n\tThe Mayo Clinic Diet: A weight-loss program for life - Mayo Clinic\r\n,1794,62,518,200,10,28
www.mayoclinic.org/diseases-conditions/arthritis/symptoms-causes/syc-20350772,\r\n        Arthritis - Symptoms and causes - Mayo Clinic,5148,62,821,200,10,34
www.mayoclinic.org/healthy-lifestyle/womens-health/in-depth/menstrual-cycle/art-20047186,"\r\n\tMenstrual cycle: What's normal, what's not - Mayo Clinic\r\n",1555,61,508,200,10,34
www.mayoclinic.org/diseases-conditions/endometriosis/basics/definition/con-20013968,,704,61,381,301,0,0
www.mayoclinic.org/news2013-rst/7543.html,,1223,61,370,301,0,0
www.mayoclinic.org/diseases-conditions/food-poisoning/symptoms-causes/syc-20356230,\r\n        Food poisoning - Symptoms and causes - Mayo Clinic,2332,61,605,200,10,33
www.mayoclinic.org/diseases-conditions/gynecomastia/symptoms-causes/syc-20351793,\r\n        Enlarged breasts in men (gynecomastia) - Symptoms and causes - Mayo Clinic,2043,61,774,200,10,32
www.mayoclinic.org/diseases-conditions/hay-fever/in-depth/seasonal-allergies/art-20048343,\r\n\tSeasonal allergies: Nip them in the bud - Mayo Clinic\r\n,1152,61,484,200,8,31
www.mayoclinic.org/diseases-conditions/celiac-disease/basics/definition/con-20030410,,761,61,423,301,0,0
www.mayoclinic.org/healthy-lifestyle/consumer-health/expert-answers/is-cbd-safe-and-effective/faq-20446700,\r\n\tCBD: Safe and effective? - Mayo Clinic\r\n,25682,61,473,200,10,36
www.mayoclinic.org/diseases-conditions/gas-and-gas-pains/in-depth/gas-and-gas-pains/art-20044739,"\r\n\tBelching, gas and bloating: Tips for reducing them - Mayo Clinic\r\n",4903,61,494,200,8,25
www.mayoclinic.org/healthy-lifestyle/fitness/in-depth/exercise-intensity/art-20046887,\r\n\tExercise intensity: How to measure it - Mayo Clinic\r\n,1522,61,635,200,10,35
www.mayoclinic.org/diseases-conditions/arthritis/in-depth/arthritis/art-20047971,\r\n\tExercising with arthritis: Improve your joint pain and stiffness - Mayo Clinic\r\n,1486,61,489,200,8,33
www.mayoclinic.org/symptom-checker/select-symptom/itt-20009075,\r\n\tSymptom Checker - Mayo Clinic\r\n,7145,61,1025,200,10,32
www.mayoclinic.org/diseases-conditions/ectopic-pregnancy/symptoms-causes/syc-20372088,\r\n        Ectopic pregnancy - Symptoms and causes - Mayo Clinic,1445,61,549,200,10,34
www.mayoclinic.org/diseases-conditions/coronary-artery-disease/symptoms-causes/syc-20350613,\r\n        Coronary artery disease - Symptoms and causes - Mayo Clinic,4312,61,502,200,10,34
www.mayoclinic.org/diseases-conditions/heart-disease/in-depth/heart-disease-prevention/art-20046502,\r\n\tHeart disease prevention: Strategies to keep your heart healthy - Mayo Clinic\r\n,1199,61,465,200,8,25
www.mayoclinic.org/diseases-conditions/toxic-shock-syndrome/symptoms-causes/syc-20355384,\r\n        Toxic shock syndrome - Symptoms and causes - Mayo Clinic,1388,61,779,200,10,33
www.mayoclinic.org/diseases-conditions/mesothelioma/symptoms-causes/syc-20375022,,3671,61,614,,10,26
www.mayoclinic.org/healthy-lifestyle/healthy-aging/in-depth/fall-prevention/art-20047358,\r\n\tFall prevention: Simple tips to prevent falls - Mayo Clinic\r\n,1023,61,417,200,10,37
www.mayoclinic.org/diseases-conditions/heart-disease/in-depth/heart-disease/art-20046167,\r\n\tHeart disease in women: Understand symptoms and risk factors - Mayo Clinic\r\n,1284,61,464,200,8,32
www.mayoclinic.org/healthy-lifestyle/fitness/multimedia/core-strength/sls-20076575,\r\n\tSlide show: Exercises to improve your core strength - Mayo Clinic\r\n,901,61,463,200,10,28
www.mayoclinic.org/diseases-conditions/hypoglycemia/symptoms-causes/syc-20373685,\r\n        Hypoglycemia - Symptoms and causes - Mayo Clinic,1513,61,630,200,10,33
www.mayoclinic.org/diseases-conditions/depression/expert-answers/vitamin-b12-and-depression/faq-20058077,\r\n\tVitamin B-12 and depression: Are they related? - Mayo Clinic\r\n,848,61,447,200,8,32
www.mayoclinic.org/diseases-conditions/arteriosclerosis-atherosclerosis/symptoms-causes/syc-20350569,\r\n        Arteriosclerosis / atherosclerosis - Symptoms and causes - Mayo Clinic,1897,61,570,200,10,33
www.mayoclinic.org/healthy-lifestyle/nutrition-and-healthy-eating/in-depth/gout-diet/art-20048524,"\r\n\tGout diet: What's allowed, what's not - Mayo Clinic\r\n",1744,61,515,200,10,36
www.mayoclinic.org/healthy-lifestyle/weight-loss/in-depth/atkins-diet/art-20048485,\r\n\tAtkins Diet: What's behind the claims? - Mayo Clinic\r\n,1166,61,412,200,10,35
www.mayoclinic.org/diseases-conditions/bruxism/symptoms-causes/syc-20356095,\r\n        Bruxism (teeth grinding) - Symptoms and causes - Mayo Clinic,2078,61,877,200,10,33
www.mayoclinic.org/diseases-conditions/panic-attacks/symptoms-causes/syc-20376021,\r\n        Panic attacks and panic disorder - Symptoms and causes - Mayo Clinic,3471,61,601,200,10,34
newsnetwork.mayoclinic.org/discussion/nearly-7-in-10-americans-take-prescription-drugs-mayo-clinic-olmsted-medical-center-find/,"Nearly 7 in 10 Americans Take Prescription Drugs, Mayo Clinic, Olmsted Medical Center Find – Mayo Clinic News Network",802,61,427,200,8,20
www.mayoclinic.org/diseases-conditions/microcephaly/basics/definition/con-20034823,,861,61,398,301,0,0
www.mayoclinic.org/healthy-lifestyle/nutrition-and-healthy-eating/in-depth/vegetarian-diet/art-20046446,\r\n\tVegetarian diet: How to get the best nutrition - Mayo Clinic\r\n,1393,61,514,200,10,36
www.mayoclinic.org/healthy-lifestyle/consumer-health/in-depth/mindfulness-exercises/art-20046356,\r\n\tMindfulness exercises - Mayo Clinic\r\n,917,61,425,200,10,36
www.mayoclinic.org/healthy-lifestyle/nutrition-and-healthy-eating/expert-answers/digestion/faq-20058348,\r\n\tWater after meals: Does it disturb digestion? - Mayo Clinic\r\n,751,61,423,200,10,37
www.mayoclinic.org/diseases-conditions/allergies/symptoms-causes/syc-20351497,\r\n        Allergies - Symptoms and causes - Mayo Clinic,4943,61,649,200,10,34
www.mayoclinic.org/diseases-conditions/traumatic-brain-injury/basics/definition/con-20029302,,1096,61,389,301,0,0
www.mayoclinic.org/healthy-lifestyle/adult-health/in-depth/napping/art-20048319,\r\n\tNapping: Do's and don'ts for healthy adults - Mayo Clinic\r\n,3819,61,546,200,10,27
www.mayoclinic.org/diseases-conditions/glioblastoma/cdc-20350148,\r\n        Glioblastoma - Overview - Mayo Clinic,880,61,519,200,10,26
www.mayoclinic.org/steroids/art-20045692,\r\n\tPrednisone and other corticosteroids: Balance the risks and benefits - Mayo Clinic\r\n,3339,61,575,200,8,31
www.mayoclinic.org/healthy-lifestyle/consumer-health/expert-answers/colloidal-silver/faq-20058061,\r\n\tColloidal silver: Is it safe? - Mayo Clinic\r\n,1237,61,534,200,10,35
www.mayoclinic.org/diseases-conditions/carbon-monoxide/symptoms-causes/syc-20370642,\r\n        Carbon monoxide poisoning - Symptoms and causes - Mayo Clinic,1953,61,755,200,10,32
www.mayoclinic.org/healthy-living/nutrition-and-healthy-eating/in-depth/mediterranean-diet/art-20047801,,1078,61,398,301,0,0
www.mayoclinic.org/diseases-conditions/perimenopause/symptoms-causes/syc-20354666,\r\n        Perimenopause - Symptoms and causes - Mayo Clinic,1386,61,537,200,10,33
www.mayoclinic.org/diseases-conditions/common-cold/in-depth/humidifiers/art-20048021,"\r\n\tHumidifiers: Air moisture eases skin, breathing symptoms - Mayo Clinic\r\n",1596,61,673,200,8,32
www.mayoclinic.org/diseases-conditions/hyponatremia/symptoms-causes/syc-20373711,\r\n        Hyponatremia - Symptoms and causes - Mayo Clinic,2253,61,835,200,10,33
www.mayoclinic.org/diseases-conditions/yeast-infection/symptoms-causes/syc-20378999,\r\n        Yeast infection (vaginal) - Symptoms and causes - Mayo Clinic,6733,61,756,200,10,27
www.mayoclinic.org/healthy-lifestyle/weight-loss/basics/weightloss-basics/hlv-20049483,\r\n\tWeight loss Weight-loss basics - Mayo Clinic\r\n,28268,61,528,200,10,35
www.mayoclinic.org/diseases-conditions/heart-disease/basics/definition/con-20034056,,977,61,410,301,0,0
www.mayoclinic.org/diseases-conditions/urinary-incontinence/symptoms-causes/syc-20352808,\r\n        Urinary incontinence - Symptoms and causes - Mayo Clinic,2096,61,617,200,10,35
www.mayoclinic.org/diseases-conditions/trichomoniasis/symptoms-causes/syc-20378609,\r\n        Trichomoniasis - Symptoms and causes - Mayo Clinic,885,61,439,200,0,0
www.mayoclinic.org/drugs-supplements-vitamin-d/art-20363792,\r\n\tVitamin D - Mayo Clinic\r\n,2046,61,865,200,8,31
www.mayoclinic.org/tests-procedures/electroconvulsive-therapy/about/pac-20393894,\r\n        Electroconvulsive therapy (ECT) - Mayo Clinic,7315,61,655,200,10,32
www.mayoclinic.org/diseases-conditions/c-difficile/symptoms-causes/syc-20351691,\r\n        C. difficile infection - Symptoms and causes - Mayo Clinic,2113,61,688,200,10,33
www.mayoclinic.org/diseases-conditions/gestational-diabetes/symptoms-causes/syc-20355339,\r\n        Gestational diabetes - Symptoms and causes - Mayo Clinic,1783,61,625,200,0,0
www.mayoclinic.org/diseases-conditions/prostate-cancer/symptoms-causes/syc-20353087,\r\n        Prostate cancer - Symptoms and causes - Mayo Clinic,4660,61,622,200,10,36
www.mayoclinic.org/drugs-supplements-coenzyme-q10/art-20362602,\r\n\tCoenzyme Q10 - Mayo Clinic\r\n,2220,61,625,200,8,31
www.mayoclinic.org/diseases-conditions/uterine-fibroids/symptoms-causes/syc-20354288,\r\n        Uterine fibroids - Symptoms and causes - Mayo Clinic,4692,61,703,200,10,34
www.mayoclinic.org/diseases-conditions/lupus/basics/definition/con-20019676,,792,61,405,301,0,0
www.mayoclinic.org/diseases-conditions/muscle-cramp/symptoms-causes/syc-20350820,\r\n        Muscle cramp - Symptoms and causes - Mayo Clinic,1829,61,610,200,10,27
www.mayoclinic.org/diseases-conditions/gallstones/symptoms-causes/syc-20354214,\r\n        Gallstones - Symptoms and causes - Mayo Clinic,2246,61,543,200,10,34
www.mayoclinic.org/diseases-conditions/common-cold/expert-answers/honey/faq-20058031,\r\n\tHoney: An effective cough remedy? - Mayo Clinic\r\n,1200,61,480,200,8,32
www.mayoclinic.org/diseases-conditions/pcos/basics/definition/con-20028841,,1516,61,459,301,0,0
www.mayoclinic.org/healthy-lifestyle/fitness/in-depth/exercise/art-20045506,\r\n\tEating and exercise: 5 tips to maximize your workouts - Mayo Clinic\r\n,1004,61,438,200,10,29
www.mayoclinic.org/diseases-conditions/graves-disease/symptoms-causes/syc-20356240,\r\n        Graves' disease - Symptoms and causes - Mayo Clinic,5364,61,693,200,10,32
www.mayoclinic.org/diseases-conditions/dehydration/basics/symptoms/con-20030056,,1272,61,439,301,0,0
www.mayoclinic.org/diseases-conditions/mrsa/symptoms-causes/syc-20375336,\r\n        MRSA infection - Symptoms and causes - Mayo Clinic,3292,61,1154,200,10,32
www.mayoclinic.org/healthy-lifestyle/nutrition-and-healthy-eating/expert-answers/juicing/faq-20058020,\r\n\tJuicing: What are the health benefits? - Mayo Clinic\r\n,1031,61,524,200,10,30
www.mayoclinic.org/diseases-conditions/hearing-loss/in-depth/hearing-aids/art-20044116,\r\n\tHearing aids: How to choose the right one - Mayo Clinic\r\n,1554,61,444,200,8,32
www.mayoclinic.org/diseases-conditions/athletes-foot/symptoms-causes/syc-20353841,\r\n        Athlete's foot - Symptoms and causes - Mayo Clinic,1492,61,541,200,10,34
www.mayoclinic.org/healthy-lifestyle/weight-loss/in-depth/weight-loss/art-20047752,\r\n\tWeight loss: 6 strategies for success - Mayo Clinic\r\n,1731,61,505,200,10,36
www.mayoclinic.org/diseases-conditions/raynauds-disease/symptoms-causes/syc-20363571,\r\n        Raynaud's disease - Symptoms and causes - Mayo Clinic,2665,61,847,200,10,27
www.mayoclinic.org/diseases-conditions/frostbite/symptoms-causes/syc-20372656,\r\n        Frostbite - Symptoms and causes - Mayo Clinic,2364,61,720,200,10,34
www.mayoclinic.org/diseases-conditions/schizophrenia/symptoms-causes/syc-20354443,\r\n        Schizophrenia - Symptoms and causes - Mayo Clinic,1638,61,609,200,10,33
www.mayoclinic.org/healthy-lifestyle/consumer-health/expert-answers/probiotics/faq-20058065,\r\n\tProbiotics and prebiotics: What you should know - Mayo Clinic\r\n,1859,61,629,200,10,35
www.mayoclinic.org/diseases-conditions/cataracts/symptoms-causes/syc-20353790,\r\n        Cataracts - Symptoms and causes - Mayo Clinic,2243,61,1168,200,10,34
www.mayoclinic.org/diseases-conditions/staph-infections/symptoms-causes/syc-20356221,\r\n        Staph infections - Symptoms and causes - Mayo Clinic,3181,61,677,200,10,33
www.mayoclinic.org/healthy-lifestyle/sexual-health/in-depth/penis/art-20045363,\r\n\tPenis-enlargement products: Do they work? - Mayo Clinic\r\n,2597,61,408,200,10,34
www.mayoclinic.org/diseases-conditions/breast-cancer/symptoms-causes/syc-20352470,\r\n        Breast cancer - Symptoms and causes - Mayo Clinic,2734,61,797,200,10,34
www.mayoclinic.org/healthy-lifestyle/nutrition-and-healthy-eating/expert-answers/vitamin-c/faq-20058030,\r\n\tToo much vitamin C: Is it harmful? - Mayo Clinic\r\n,1621,61,545,200,10,35
www.mayoclinic.org/diseases-conditions/depression/expert-answers/clinical-depression/faq-20057770,\r\n\tClinical depression: What does that mean? - Mayo Clinic\r\n,1155,61,412,200,8,24
www.mayoclinic.org/patient-visitor-guide/minnesota,"\r\n        Mayo Clinic in Rochester, Minnesota - Mayo Clinic",3813,61,906,200,10,28
www.mayoclinic.org/scottsdale/,,1472,61,478,301,0,0
www.mayoclinic.org/healthy-lifestyle/stress-management/basics/stress-basics/hlv-20049495,\r\n\tStress management Stress basics - Mayo Clinic\r\n,1380,61,453,200,10,39
www.mayoclinic.org/diseases-conditions/lyme-disease/symptoms-causes/syc-20374651,\r\n        Lyme disease - Symptoms and causes - Mayo Clinic,4317,61,823,200,10,33
www.mayoclinic.org/symptoms/headache/basics/causes/sym-20050800,\r\n\tHeadache Causes - Mayo Clinic\r\n,1258,61,478,200,10,35
www.mayoclinic.org/diseases-conditions/high-blood-cholesterol/in-depth/hdl-cholesterol/art-20046388,\r\n\tHDL cholesterol: How to boost your 'good' cholesterol - Mayo Clinic\r\n,1750,61,491,200,8,24
www.mayoclinic.org/healthy-lifestyle/nutrition-and-healthy-eating/expert-answers/vitamin-d-toxicity/faq-20058108,\r\n\tVitamin D toxicity: What if you get too much? - Mayo Clinic\r\n,1085,61,466,200,10,35
www.mayoclinic.org/es-es,\r\n        Mayo Clinic - Mayo Clinic,25604,61,611,200,12,34
www.mayoclinic.org/diseases-conditions/mental-illness/symptoms-causes/syc-20374968,\r\n        Mental illness - Symptoms and causes - Mayo Clinic,2364,61,832,200,10,34
www.mayoclinic.org/diseases-conditions/obesity/in-depth/bmi-calculator/itt-20084938,\r\n\tTool: BMI calculator - Mayo Clinic\r\n,3223,61,557,200,10,26
www.mayoclinic.org/diseases-conditions/obesity/symptoms-causes/syc-20375742,\r\n        Obesity - Symptoms and causes - Mayo Clinic,2518,61,820,200,10,34
www.mayoclinic.org/tests-procedures/dental-implant-surgery/about/pac-20384622,\r\n        Dental implant surgery - Mayo Clinic,1759,61,601,200,10,26
www.mayoclinic.org/diseases-conditions/pancreatic-cancer/symptoms-causes/syc-20355421,\r\n        Pancreatic cancer - Symptoms and causes - Mayo Clinic,2805,61,698,200,10,34
www.mayoclinic.org/diseases-conditions/lung-cancer/symptoms-causes/syc-20374620,\r\n        Lung cancer - Symptoms and causes - Mayo Clinic,6351,61,662,200,10,32
www.mayoclinic.org/diseases-conditions/broken-heart-syndrome/symptoms-causes/syc-20354617,\r\n        Broken heart syndrome - Symptoms and causes - Mayo Clinic,1352,61,632,200,10,33
www.mayoclinic.org/diseases-conditions/high-blood-pressure/in-depth/high-blood-pressure/art-20045206,\r\n\tExercise: A drug-free approach to lowering high blood pressure - Mayo Clinic\r\n,736,61,415,200,8,27
www.mayoclinic.org/diseases-conditions/encephalitis/symptoms-causes/syc-20356136,\r\n        Encephalitis - Symptoms and causes - Mayo Clinic,2766,61,588,200,10,33
www.mayoclinic.org/first-aid/first-aid-choking/basics/art-20056637,\r\n\tChoking: First aid - Mayo Clinic\r\n,922,61,474,200,10,35
www.mayoclinic.org/healthy-lifestyle/nutrition-and-healthy-eating/in-depth/organic-food/art-20043880,\r\n\tOrganic foods: Are they safer? More nutritious? - Mayo Clinic\r\n,1840,61,682,200,10,34
www.mayoclinic.org/healthy-lifestyle/adult-health/expert-answers/third-hand-smoke/faq-20057791,\r\n\tThirdhand smoke: What are the dangers? - Mayo Clinic\r\n,848,61,407,200,10,34
www.mayoclinic.org/healthy-lifestyle/adult-health/in-depth/hand-washing/art-20046253,\r\n\tHand-washing: Do's and don'ts - Mayo Clinic\r\n,1926,61,512,200,10,34
www.mayoclinic.org/diseases-conditions/sciatica/basics/definition/con-20026478,,1253,61,420,301,0,0
www.mayoclinic.org/healthy-lifestyle/consumer-health/expert-answers/colon-cleansing/faq-20058435,\r\n\tColon cleansing: Is it helpful or harmful? - Mayo Clinic\r\n,1207,61,431,200,10,36
www.mayoclinic.org/diseases-conditions/food-allergy/expert-answers/food-allergy/faq-20058538,\r\n\tFood allergy vs. food intolerance: What's the difference? - Mayo Clinic\r\n,5444,61,385,200,8,31
www.mayoclinic.org/healthy-lifestyle/consumer-health/in-depth/living-wills/art-20046303,\r\n\tLiving wills and advance directives for medical decisions - Mayo Clinic\r\n,1238,61,408,200,10,29
www.mayoclinic.org/diseases-conditions/peripheral-artery-disease/symptoms-causes/syc-20350557,\r\n        Peripheral artery disease (PAD) - Symptoms and causes - Mayo Clinic,2468,61,584,200,10,33
www.mayoclinic.org/diseases-conditions/hemorrhoids/symptoms-causes/syc-20360268,\r\n        Hemorrhoids - Symptoms and causes - Mayo Clinic,5293,61,844,200,10,33
www.mayoclinic.org/diseases-conditions/diabetes/basics/definition/con-20033091,,2171,61,412,301,0,0
www.mayoclinic.org/diseases-conditions/menopause/in-depth/hormone-therapy/art-20046372,\r\n\tHormone therapy: Is it right for you? - Mayo Clinic\r\n,1313,61,519,200,8,32
www.mayoclinic.org/diseases-conditions/high-blood-pressure/in-depth/beta-blockers/art-20044522,\r\n\tBeta blockers - Mayo Clinic\r\n,1338,61,457,200,8,33
www.mayoclinic.org/diseases-conditions/type-2-diabetes/diagnosis-treatment/drc-20351199,\r\n        Type 2 diabetes - Diagnosis and treatment - Mayo Clinic,4738,61,744,200,10,36
www.mayoclinic.org/diseases-conditions/liver-problems/symptoms-causes/syc-20374502,\r\n        Liver problems - Symptoms and causes - Mayo Clinic,1972,61,608,200,10,33
www.mayoclinic.org/diseases-conditions/periodontitis/symptoms-causes/syc-20354473,\r\n        Periodontitis - Symptoms and causes - Mayo Clinic,1801,61,685,200,0,0
www.mayoclinic.org/diseases-conditions/lactose-intolerance/symptoms-causes/syc-20374232,\r\n        Lactose intolerance - Symptoms and causes - Mayo Clinic,1957,61,570,200,10,27
www.mayoclinic.org/diseases-conditions/gout/symptoms-causes/syc-20372897,\r\n        Gout - Symptoms and causes - Mayo Clinic,5915,61,784,200,10,35
www.mayoclinic.org/diseases-conditions/sleep-apnea/basics/definition/con-20020286,,791,61,387,301,0,0
www.mayoclinic.org/diseases-conditions/vitiligo/symptoms-causes/syc-20355912,\r\n        Vitiligo - Symptoms and causes - Mayo Clinic,5949,61,710,200,10,33
www.mayoclinic.org/diseases-conditions/pulmonary-embolism/symptoms-causes/syc-20354647,\r\n        Pulmonary embolism - Symptoms and causes - Mayo Clinic,3171,61,683,200,10,33
www.mayoclinic.org/patient-visitor-guide/florida,\r\n        Mayo Clinic in Florida - Mayo Clinic,5303,61,734,200,10,31
www.mayoclinic.org/healthy-lifestyle/stress-management/in-depth/caregiver-stress/art-20044784,\r\n\tCaregiver stress: Tips for taking care of yourself - Mayo Clinic\r\n,1665,61,422,200,10,35
www.mayoclinic.org/healthy-lifestyle/fitness/in-depth/performance-enhancing-drugs/art-20046134,\r\n\tPerformance-enhancing drugs: Know the risks - Mayo Clinic\r\n,31569,61,420,200,10,36
www.mayoclinic.org/diseases-conditions/ovarian-cysts/symptoms-causes/syc-20353405,\r\n        Ovarian cysts - Symptoms and causes - Mayo Clinic,2047,61,508,200,10,33
www.mayoclinic.org/diseases-conditions/panic-attacks/symptoms-causes/syc-20376021,\r\n        Panic attacks and panic disorder - Symptoms and causes - Mayo Clinic,3471,61,601,200,10,34
www.mayoclinic.org/appointments,\r\n\tAppointments at Mayo Clinic - Mayo Clinic\r\n,41524,61,526,200,8,26
www.mayoclinic.org/diseases-conditions/constipation/symptoms-causes/syc-20354253,\r\n        Constipation - Symptoms and causes - Mayo Clinic,5288,61,662,200,10,27
www.mayoclinic.org/healthy-lifestyle/nutrition-and-healthy-eating/in-depth/gout-diet/art-20048524,"\r\n\tGout diet: What's allowed, what's not - Mayo Clinic\r\n",1744,61,515,200,10,36
www.mayoclinic.org/first-aid/first-aid-choking/basics/art-20056637,\r\n\tChoking: First aid - Mayo Clinic\r\n,922,61,474,200,10,35
www.mayoclinic.org/diseases-conditions/low-blood-pressure/symptoms-causes/syc-20355465,\r\n        Low blood pressure (hypotension) - Symptoms and causes - Mayo Clinic,2031,61,604,200,10,27
www.mayoclinic.org/diseases-conditions/snoring/symptoms-causes/syc-20377694,\r\n        Snoring - Symptoms and causes - Mayo Clinic,1534,61,642,200,10,33
www.mayoclinic.org/diseases-conditions/lupus/basics/definition/con-20019676,,792,61,405,301,0,0
www.mayoclinic.org/diseases-conditions/gas-and-gas-pains/in-depth/gas-and-gas-pains/art-20044739,"\r\n\tBelching, gas and bloating: Tips for reducing them - Mayo Clinic\r\n",4903,61,494,200,8,25
www.mayoclinic.org/diseases-conditions/fever/symptoms-causes/syc-20352759,\r\n        Fever - Symptoms and causes - Mayo Clinic,2185,61,532,200,0,0
www.mayoclinic.org/diseases-conditions/heart-disease/in-depth/heart-disease-prevention/art-20046502,\r\n\tHeart disease prevention: Strategies to keep your heart healthy - Mayo Clinic\r\n,1199,61,465,200,8,25
www.mayoclinic.org/healthy-lifestyle/nutrition-and-healthy-eating/expert-answers/digestion/faq-20058348,\r\n\tWater after meals: Does it disturb digestion? - Mayo Clinic\r\n,751,61,423,200,10,37
www.mayoclinic.org/diseases-conditions/tuberculosis/symptoms-causes/syc-20351250,\r\n        Tuberculosis - Symptoms and causes - Mayo Clinic,1916,61,671,200,10,33
www.mayoclinic.org/diseases-conditions/yeast-infection/symptoms-causes/syc-20378999,\r\n        Yeast infection (vaginal) - Symptoms and causes - Mayo Clinic,6733,61,756,200,10,27
www.mayoclinic.org/diseases-conditions/heart-disease/basics/definition/con-20034056,,977,61,410,301,0,0
www.mayoclinic.org/diseases-conditions/diabetic-retinopathy/symptoms-causes/syc-20371611,\r\n        Diabetic retinopathy - Symptoms and causes - Mayo Clinic,1561,61,533,200,10,29
www.mayoclinic.org/diseases-conditions/alcohol-use-disorder/symptoms-causes/syc-20369243,\r\n        Alcohol use disorder - Symptoms and causes - Mayo Clinic,4418,61,716,200,10,35
www.mayoclinic.org/diseases-conditions/gingivitis/symptoms-causes/syc-20354453,\r\n        Gingivitis - Symptoms and causes - Mayo Clinic,3976,61,723,200,10,33
www.mayoclinic.org/diseases-conditions/male-hypogonadism/symptoms-causes/syc-20354881,\r\n        Male hypogonadism - Symptoms and causes - Mayo Clinic,2362,61,671,200,10,26
www.mayoclinic.org/diseases-conditions/uterine-fibroids/symptoms-causes/syc-20354288,\r\n        Uterine fibroids - Symptoms and causes - Mayo Clinic,4692,61,703,200,10,34
www.mayoclinic.org/diseases-conditions/frostbite/symptoms-causes/syc-20372656,\r\n        Frostbite - Symptoms and causes - Mayo Clinic,2364,61,720,200,10,34
www.mayoclinic.org/diseases-conditions/deep-vein-thrombosis/basics/definition/con-20031922,,773,61,419,301,0,0
www.mayoclinic.org/diseases-conditions/heat-exhaustion/symptoms-causes/syc-20373250,\r\n        Heat exhaustion - Symptoms and causes - Mayo Clinic,7351,61,800,200,10,27
www.mayoclinic.org/healthy-lifestyle/sexual-health/in-depth/penis/art-20045363,\r\n\tPenis-enlargement products: Do they work? - Mayo Clinic\r\n,2597,61,408,200,10,34
www.mayoclinic.org/diseases-conditions/breast-cancer/symptoms-causes/syc-20352470,\r\n        Breast cancer - Symptoms and causes - Mayo Clinic,2734,61,797,200,10,34
www.mayoclinic.org/healthy-lifestyle/adult-health/in-depth/hand-washing/art-20046253,\r\n\tHand-washing: Do's and don'ts - Mayo Clinic\r\n,1926,61,512,200,10,34
www.mayoclinic.org/diseases-conditions/hemorrhoids/symptoms-causes/syc-20360268,\r\n        Hemorrhoids - Symptoms and causes - Mayo Clinic,5293,61,844,200,10,33
www.mayoclinic.org/diseases-conditions/lead-poisoning/symptoms-causes/syc-20354717,\r\n        Lead poisoning - Symptoms and causes - Mayo Clinic,3844,61,1159,200,10,33
www.mayoclinic.org/diseases-conditions/ulcerative-colitis/symptoms-causes/syc-20353326,\r\n        Ulcerative colitis - Symptoms and causes - Mayo Clinic,3077,61,750,200,10,33
socialmedia.mayoclinic.org/,Mayo Clinic Social Media Network,7036,61,473,200,2,5
www.mayoclinic.org/healthy-lifestyle/mens-health/in-depth/kegel-exercises-for-men/art-20045074,\r\n\tKegel exercises for men: Understand the benefits - Mayo Clinic\r\n,1019,61,479,200,10,36
www.mayoclinic.org/healthy-lifestyle/pregnancy-week-by-week/in-depth/prenatal-care/art-20045302,\r\n\tFetal development: The 1st trimester - Mayo Clinic\r\n,2685,61,444,200,10,35
www.mayoclinic.org/diseases-conditions/personality-disorders/symptoms-causes/syc-20354463,\r\n        Personality disorders - Symptoms and causes - Mayo Clinic,1709,61,590,200,10,33
www.mayoclinic.org/diseases-conditions/addisons-disease/expert-answers/adrenal-fatigue/faq-20057906,\r\n\tAdrenal fatigue: What causes it? - Mayo Clinic\r\n,6700,61,452,200,8,23
www.mayoclinic.org/diseases-conditions/type-2-diabetes/in-depth/diabetes-prevention/art-20047639,\r\n\tDiabetes prevention: 5 tips for taking control - Mayo Clinic\r\n,841,60,387,200,8,33
www.mayoclinic.org/diseases-conditions/dry-skin/symptoms-causes/syc-20353885,\r\n        Dry skin - Symptoms and causes - Mayo Clinic,1386,60,429,200,10,34
www.mayoclinic.org/diseases-conditions/hoarding-disorder/symptoms-causes/syc-20356056,\r\n        Hoarding disorder - Symptoms and causes - Mayo Clinic,1304,60,576,200,10,33
www.mayoclinic.org/diseases-conditions/cushing-syndrome/symptoms-causes/syc-20351310,\r\n        Cushing syndrome - Symptoms and causes - Mayo Clinic,1169,60,379,200,10,26
www.mayoclinic.org/diseases-conditions/food-allergy/symptoms-causes/syc-20355095,\r\n        Food allergy - Symptoms and causes - Mayo Clinic,1795,60,561,200,10,33
www.mayoclinic.org/diseases-conditions/pancreatitis/symptoms-causes/syc-20360227,\r\n        Pancreatitis - Symptoms and causes - Mayo Clinic,2313,60,444,200,10,34
www.mayoclinic.org/healthy-living/nutrition-and-healthy-eating/in-depth/caffeine/art-20049372,,657,60,338,301,0,0
www.mayoclinic.org/diseases-conditions/osteoporosis/basics/definition/con-20019924,,765,60,325,301,0,0
www.mayoclinic.org/diseases-conditions/high-blood-pressure/in-depth/stress-and-high-blood-pressure/art-20044190,\r\n\tStress and high blood pressure: What's the connection? - Mayo Clinic\r\n,613,60,305,200,8,33
www.mayoclinic.org/diseases-conditions/migraine-headache/in-depth/migraines/art-20047242,\r\n\tMigraines: Simple steps to head off the pain - Mayo Clinic\r\n,827,60,371,200,8,31
www.mayoclinic.org/diseases-conditions/high-blood-pressure/in-depth/ace-inhibitors/art-20047480,\r\n\tAngiotensin-converting enzyme (ACE) inhibitors - Mayo Clinic\r\n,830,60,398,200,8,33
www.mayoclinic.org/diseases-conditions/carpal-tunnel-syndrome/symptoms-causes/syc-20355603,\r\n        Carpal tunnel syndrome - Symptoms and causes - Mayo Clinic,1670,60,595,200,10,26
www.mayoclinic.org/diseases-conditions/peptic-ulcer/symptoms-causes/syc-20354223,\r\n        Peptic ulcer - Symptoms and causes - Mayo Clinic,4142,60,572,200,10,26
www.mayoclinic.org/diseases-conditions/plantar-fasciitis/basics/definition/con-20025664,,3751,60,309,301,0,0
www.mayoclinic.org/diseases-conditions/heart-disease/in-depth/daily-aspirin-therapy/art-20046797,\r\n\tDaily aspirin therapy: Understand the benefits and risks - Mayo Clinic\r\n,1249,60,467,200,8,32
www.mayoclinic.org/diseases-conditions/male-infertility/symptoms-causes/syc-20374773,\r\n        Male infertility - Symptoms and causes - Mayo Clinic,1178,60,562,200,10,33
jobs.mayoclinic.org/,Jobs | Mayo Clinic | Life-Changing Careers,200111,60,656,200,6,10
www.mayoclinic.org/healthy-lifestyle/adult-health/expert-answers/brushing-your-teeth/faq-20058193,\r\n\tBrushing your teeth: How often and when? - Mayo Clinic\r\n,698,60,379,200,10,34
www.mayoclinic.org/diseases-conditions/diabetes/in-depth/diabetes-symptoms/art-20044248,\r\n\tDiabetes symptoms: When diabetes symptoms are a concern - Mayo Clinic\r\n,881,60,318,200,8,32
www.mayoclinic.org/diseases-conditions/hypothermia/basics/definition/con-20020453,,613,60,313,301,0,0
www.mayoclinic.org/diseases-conditions/vertigo/symptoms-causes/syc-20370055,\r\n        Benign paroxysmal positional vertigo (BPPV) - Symptoms and causes - Mayo Clinic,2078,60,583,200,10,27
www.mayoclinic.org/diseases-conditions/high-blood-pressure/expert-answers/blood-pressure/faq-20058543,\r\n\tCaffeine: How does it affect blood pressure? - Mayo Clinic\r\n,1001,60,375,200,8,34
www.mayoclinic.org/diseases-conditions/migraine-headache/diagnosis-treatment/drc-20360207,\r\n        Migraine - Diagnosis and treatment - Mayo Clinic,2275,60,535,200,10,34
www.mayoclinic.org/healthy-lifestyle/adult-health/in-depth/cancer-prevention/art-20044816,\r\n\tCancer prevention: 7 tips to reduce your risk - Mayo Clinic\r\n,3586,60,415,200,10,36
www.mayoclinic.org/diseases-conditions/placental-abruption/symptoms-causes/syc-20376458,\r\n        Placental abruption - Symptoms and causes - Mayo Clinic,1084,60,432,200,10,33
www.mayoclinic.org/diseases-conditions/e-coli/basics/definition/con-20032105,,487,60,294,301,0,0
www.mayoclinic.org/healthy-lifestyle/nutrition-and-healthy-eating/in-depth/glycemic-index-diet/art-20048478,\r\n\tGlycemic index diet: What's behind the claims - Mayo Clinic\r\n,716,60,340,200,10,36
www.mayoclinic.org/diseases-conditions/teen-depression/symptoms-causes/syc-20350985,\r\n        Teen depression - Symptoms and causes - Mayo Clinic,2323,60,480,200,10,33
www.mayoclinic.org/healthy-lifestyle/fitness/expert-answers/exercise/faq-20058494,\r\n\tExercise and illness: Work out with a cold? - Mayo Clinic\r\n,1981,60,370,200,10,38
www.mayoclinic.org/diseases-conditions/sore-throat/symptoms-causes/syc-20351635,\r\n        Sore throat - Symptoms and causes - Mayo Clinic,3266,60,386,200,10,34
www.mayoclinic.org/diseases-conditions/flu/in-depth/flu-shots/art-20048000,\r\n\tFlu shot: Your best bet for avoiding influenza - Mayo Clinic\r\n,1491,60,375,200,8,32
www.mayoclinic.org/diseases-conditions/edema/symptoms-causes/syc-20366493,\r\n        Edema - Symptoms and causes - Mayo Clinic,4176,60,520,200,10,26
www.mayoclinic.org/healthy-living/stress-management/in-depth/stress/art-20046037,,716,60,329,301,0,0
www.mayoclinic.org/diseases-conditions/emphysema/symptoms-causes/syc-20355555,\r\n        Emphysema - Symptoms and causes - Mayo Clinic,4704,60,534,200,10,33
www.mayoclinic.org/diseases-conditions/raynauds-disease/basics/definition/con-20022916,,777,60,311,301,0,0
www.mayoclinic.org/diseases-conditions/amyotrophic-lateral-sclerosis/symptoms-causes/syc-20354022,\r\n        Amyotrophic lateral sclerosis (ALS) - Symptoms and causes - Mayo Clinic,1671,60,546,200,10,26
www.mayoclinic.org/healthy-lifestyle/adult-health/in-depth/dental/art-20047475?pg=2,\r\n\tOral health: A window to your overall health - Mayo Clinic\r\n,472,60,306,200,0,0
www.mayoclinic.org/diseases-conditions/mold-allergy/symptoms-causes/syc-20351519,\r\n        Mold allergy - Symptoms and causes - Mayo Clinic,29720,60,442,200,10,33
www.mayoclinic.org/diseases-conditions/rosacea/symptoms-causes/syc-20353815,\r\n        Rosacea - Symptoms and causes - Mayo Clinic,1213,60,476,200,10,26
www.mayoclinic.org/diseases-conditions/alzheimers-disease/in-depth/memory-loss/art-20046326,\r\n\tMemory loss: When to seek help - Mayo Clinic\r\n,1094,60,385,200,8,33
www.mayoclinic.org/diseases-conditions/mental-illness/in-depth/mental-health/art-20046477,\r\n\tMental health: Overcoming the stigma of mental illness - Mayo Clinic\r\n,777,60,329,200,8,32
www.mayoclinic.org/diseases-conditions/high-blood-pressure/in-depth/diuretics/art-20048129,\r\n\tDiuretics - Mayo Clinic\r\n,836,60,370,200,8,34
www.mayoclinic.org/news,,13381,60,305,301,0,0
www.mayoclinic.org/diseases-conditions/sleep-apnea/in-depth/cpap/art-20044164,\r\n\tCPAP machines: Tips for avoiding 10 common problems - Mayo Clinic\r\n,911,60,340,200,8,32
www.mayoclinic.org/healthy-living/fitness/in-depth/exercise/art-20048389,,913,60,338,301,0,0
www.mayoclinic.org/diseases-conditions/low-sex-drive-in-women/symptoms-causes/syc-20374554,\r\n        Low sex drive in women - Symptoms and causes - Mayo Clinic,1342,60,558,200,10,34
www.mayoclinic.org/diseases-conditions/sexually-transmitted-diseases-stds/in-depth/std-symptoms/art-20047081,\r\n\tSexually transmitted disease (STD) symptoms - Mayo Clinic\r\n,1572,60,459,200,8,30
www.mayoclinic.org/healthy-lifestyle/nutrition-and-healthy-eating/in-depth/supplements/art-20044894,\r\n\tSupplements: Nutrition in a pill? - Mayo Clinic\r\n,1175,60,339,200,10,34
www.mayoclinic.org/drugs-supplements-melatonin/art-20363071,\r\n\tMelatonin - Mayo Clinic\r\n,908,60,488,200,8,31
www.mayoclinic.org/diseases-conditions/depression/in-depth/maois/art-20043992,\r\n\tMonoamine oxidase inhibitors (MAOIs) - Mayo Clinic\r\n,2978,60,290,200,8,31
www.mayoclinic.org/healthy-lifestyle/fitness/in-depth/aerobic-exercise/art-20045541,\r\n\tAerobic exercise: Top 10 reasons to get physical - Mayo Clinic\r\n,1559,60,468,200,10,36
www.mayoclinic.org/diseases-conditions/depression/basics/symptoms/con-20032977,,929,60,359,301,0,0
www.mayoclinic.org/diseases-conditions/neck-pain/symptoms-causes/syc-20375581,\r\n        Neck pain - Symptoms and causes - Mayo Clinic,1899,60,531,200,10,33
www.mayoclinic.org/diseases-conditions/heart-disease/expert-answers/grass-fed-beef/faq-20058059,\r\n\tGrass-fed beef: What are the heart-health benefits? - Mayo Clinic\r\n,595,60,309,200,8,32
www.mayoclinic.org/diseases-conditions/inflammatory-bowel-disease/basics/definition/con-20034908,,1140,60,325,301,0,0
www.mayoclinic.org/diseases-conditions/depression/in-depth/depression/art-20047725,\r\n\tDepression in women: Understanding the gender gap - Mayo Clinic\r\n,873,60,372,200,8,31
www.mayoclinic.org/drugs-supplements-vitamin-c/art-20363932,\r\n\tVitamin C - Mayo Clinic\r\n,3143,60,590,200,8,31
www.mayoclinic.org/diseases-conditions/antisocial-personality-disorder/symptoms-causes/syc-20353928,\r\n        Antisocial personality disorder - Symptoms and causes - Mayo Clinic,1563,60,622,200,10,32
www.mayoclinic.org/diseases-conditions/inguinal-hernia/symptoms-causes/syc-20351547,\r\n        Inguinal hernia - Symptoms and causes - Mayo Clinic,1984,60,494,200,10,33
www.mayoclinic.org/healthy-lifestyle/consumer-health/in-depth/medical-marijuana/art-20137855,\r\n\tMedical marijuana - Mayo Clinic\r\n,14972,60,303,200,14,40
www.mayoclinic.org/diseases-conditions/hepatitis-a/symptoms-causes/syc-20367007,\r\n        Hepatitis A - Symptoms and causes - Mayo Clinic,1147,60,455,200,10,26
www.mayoclinic.org/healthy-lifestyle/nutrition-and-healthy-eating/in-depth/carbohydrates/art-20045705?pg=2,\r\n\tCarbohydrates: How carbs fit into a healthy diet - Mayo Clinic\r\n,652,60,282,200,0,0
www.mayoclinic.org/diseases-conditions/dry-mouth/symptoms-causes/syc-20356048,\r\n        Dry mouth - Symptoms and causes - Mayo Clinic,1265,60,445,200,10,34
www.mayoclinic.org/healthy-lifestyle/nutrition-and-healthy-eating/in-depth/whole-grains/art-20047826,\r\n\tWhole grains: Hearty options for a healthy diet - Mayo Clinic\r\n,938,60,388,200,10,34
www.mayoclinic.org/diseases-conditions/diabetic-neuropathy/symptoms-causes/syc-20371580,\r\n        Diabetic neuropathy - Symptoms and causes - Mayo Clinic,9197,60,573,200,10,35
www.mayoclinic.org/first-aid,\r\n\tFirst aid - Mayo Clinic\r\n,5028,60,310,200,11,27
www.mayoclinic.org/first-aid/first-aid-snake-bites/basics/art-20056681,\r\n\tSnakebites: First aid - Mayo Clinic\r\n,746,60,310,200,10,26
www.mayoclinic.org/healthy-lifestyle/weight-loss/in-depth/weight-loss/art-20046409,\r\n\tOver-the-counter weight-loss pills: Do they work? - Mayo Clinic\r\n,1219,60,324,200,10,35
www.mayoclinic.org/diseases-conditions/multiple-myeloma/symptoms-causes/syc-20353378,\r\n        Multiple myeloma - Symptoms and causes - Mayo Clinic,2105,60,592,200,10,33
www.mayoclinic.org/diseases-conditions/cystic-fibrosis/symptoms-causes/syc-20353700,\r\n        Cystic fibrosis - Symptoms and causes - Mayo Clinic,2755,60,566,200,10,32
www.mayoclinic.org/diseases-conditions/sjogrens-syndrome/symptoms-causes/syc-20353216,\r\n        Sjogren's syndrome - Symptoms and causes - Mayo Clinic,1517,60,592,200,10,33
www.mayoclinic.org/diseases-conditions/body-dysmorphic-disorder/symptoms-causes/syc-20353938,\r\n        Body dysmorphic disorder - Symptoms and causes - Mayo Clinic,1403,60,581,200,10,33
www.mayoclinic.org/diseases-conditions/sickle-cell-anemia/symptoms-causes/syc-20355876,\r\n        Sickle cell anemia - Symptoms and causes - Mayo Clinic,1357,60,550,200,10,33
www.mayoclinic.org/tests-procedures/ct-scan/basics/definition/prc-20014610,,867,60,298,301,0,0
www.mayoclinic.org/diseases-conditions/menstrual-cramps/symptoms-causes/syc-20374938,\r\n        Menstrual cramps - Symptoms and causes - Mayo Clinic,5485,60,505,200,10,34
www.mayoclinic.org/healthy-lifestyle/pregnancy-week-by-week/in-depth/pregnancy-and-exercise/art-20046896,"\r\n\tPregnancy and exercise: Baby, let's move! - Mayo Clinic\r\n",833,60,315,200,10,35
www.mayoclinic.org/tests-procedures/bone-marrow-transplant/in-depth/stem-cells/art-20048117,\r\n\tStem cells: What they are and what they do - Mayo Clinic\r\n,1211,60,490,200,8,31
www.mayoclinic.org/healthy-lifestyle/fitness/in-depth/core-exercises/art-20044751,\r\n\tCore exercises: Why you should strengthen your core muscles - Mayo Clinic\r\n,731,60,369,200,10,35
www.mayoclinic.org/healthy-lifestyle/nutrition-and-healthy-eating/basics/nutrition-basics/hlv-20049477,\r\n\tNutrition and healthy eating Nutrition basics - Mayo Clinic\r\n,898,60,345,200,10,31
www.mayoclinic.org/healthy-living/nutrition-and-healthy-eating/in-depth/caffeine/art-20045678,,573,60,347,301,0,0
www.mayoclinic.org/diseases-conditions/ovarian-cancer/symptoms-causes/syc-20375941,\r\n        Ovarian cancer - Symptoms and causes - Mayo Clinic,2054,60,515,200,10,33
www.mayoclinic.org/tests-procedures/c-section/about/pac-20393655,\r\n        C-section - Mayo Clinic,1318,60,523,200,10,34
www.mayoclinic.org/diseases-conditions/heart-arrhythmia/symptoms-causes/syc-20350668,\r\n        Heart arrhythmia - Symptoms and causes - Mayo Clinic,2182,60,481,200,10,33
www.mayoclinic.org/diseases-conditions/bronchitis/symptoms-causes/syc-20355566,\r\n        Bronchitis - Symptoms and causes - Mayo Clinic,3896,60,576,200,10,33
www.mayoclinic.org/diseases-conditions/metabolic-syndrome/basics/definition/con-20027243,,705,60,281,301,0,0
www.mayoclinic.org/healthy-lifestyle/weight-loss/in-depth/the-truth-behind-the-most-popular-diet-trends-of-the-moment/art-20390062,\r\n\tThe truth behind the most popular diet trends of the moment - Mayo Clinic\r\n,583,60,292,200,10,35
www.mayoclinic.org/diseases-conditions/dizziness/symptoms-causes/syc-20371787,\r\n        Dizziness - Symptoms and causes - Mayo Clinic,1856,60,452,200,10,28
www.mayoclinic.org/diseases-conditions/hyponatremia/basics/definition/con-20031445,,534,60,321,301,0,0
www.mayoclinic.org/-/media/kcms/gbs/patient-consumer/images/2013/11/26/10/59/arizona-1-8col.ashx,,360,60,298,,0,0
www.mayoclinic.org/healthy-lifestyle/womens-health/in-depth/belly-fat/art-20045809,\r\n\tBelly fat in women: Taking — and keeping — it off - Mayo Clinic\r\n,740,60,338,200,10,34
www.mayoclinic.org/diseases-conditions/dust-mites/symptoms-causes/syc-20352173,\r\n        Dust mite allergy - Symptoms and causes - Mayo Clinic,786,60,361,200,10,33
www.mayoclinic.org/diseases-conditions/hangovers/symptoms-causes/syc-20373012,\r\n        Hangovers - Symptoms and causes - Mayo Clinic,1187,60,619,200,10,33
www.mayoclinic.org/healthy-lifestyle/getting-pregnant/in-depth/pregnancy/art-20045756,"\r\n\tPregnancy after 35: Healthy moms, healthy babies - Mayo Clinic\r\n",700,60,319,200,10,34
www.mayoclinic.org/diseases-conditions/hashimotos-disease/basics/definition/con-20030293,,644,60,354,301,0,0
www.mayoclinic.org/diseases-conditions/cancer/in-depth/monoclonal-antibody/art-20047808,\r\n\tMonoclonal antibody drugs for cancer: How they work - Mayo Clinic\r\n,530,60,300,200,8,31
www.mayoclinic.org/tests-procedures/eeg/about/pac-20393875,\r\n        EEG (electroencephalogram) - Mayo Clinic,1003,60,494,200,10,34
www.mayoclinic.org/healthy-lifestyle/adult-health/expert-answers/melatonin-side-effects/faq-20057874,\r\n\tMelatonin side effects: What are the risks? - Mayo Clinic\r\n,805,60,323,200,10,33
www.mayoclinic.org/diseases-conditions/hepatitis-c/symptoms-causes/syc-20354278,\r\n        Hepatitis C - Symptoms and causes - Mayo Clinic,1725,60,427,200,10,34
www.mayoclinic.org/healthy-living/adult-health/expert-answers/sitting/faq-20058005,,1050,60,353,301,0,0
www.mayoclinic.org/healthy-lifestyle/nutrition-and-healthy-eating/in-depth/meatless-meals/art-20048193,\r\n\tMeatless meals: The benefits of eating less meat - Mayo Clinic\r\n,673,60,381,200,10,35
www.mayoclinic.org/diseases-conditions/swollen-lymph-nodes/symptoms-causes/syc-20353902,\r\n        Swollen lymph nodes - Symptoms and causes - Mayo Clinic,1520,60,439,200,10,33
www.mayoclinic.org/diseases-conditions/postpartum-depression/basics/definition/con-20029130,,746,60,335,301,0,0
www.mayoclinic.org/diseases-conditions/gonorrhea/symptoms-causes/syc-20351774,\r\n        Gonorrhea - Symptoms and causes - Mayo Clinic,3326,60,434,200,10,33
healthyliving.mayoclinic.org/,Mayo Clinic Healthy Living Program,1768,60,379,200,3,3
www.mayoclinic.org/diseases-conditions/h-pylori/symptoms-causes/syc-20356171,\r\n        Helicobacter pylori (H. pylori) infection - Symptoms and causes - Mayo Clinic,1269,60,426,200,10,25
www.mayoclinic.org/healthy-lifestyle/nutrition-and-healthy-eating/in-depth/sodium/art-20045479,\r\n\tSodium: How to tame your salt habit - Mayo Clinic\r\n,907,60,351,200,10,35
www.mayoclinic.org/diseases-conditions/dandruff/symptoms-causes/syc-20353850,\r\n        Dandruff - Symptoms and causes - Mayo Clinic,1319,60,577,200,10,34
www.mayoclinic.org/diseases-conditions/cerebral-palsy/symptoms-causes/syc-20353999,\r\n        Cerebral palsy - Symptoms and causes - Mayo Clinic,1736,60,561,200,10,33
www.mayoclinic.org/diseases-conditions/esophageal-cancer/symptoms-causes/syc-20356084,\r\n        Esophageal cancer - Symptoms and causes - Mayo Clinic,3738,60,418,200,10,33
www.mayoclinic.org/healthy-lifestyle/adult-health/expert-answers/sleep-and-weight-gain/faq-20058198,\r\n\tSleep and weight gain: What's the connection? - Mayo Clinic\r\n,1057,60,369,200,10,34
www.mayoclinic.org/diseases-conditions/high-blood-pressure/in-depth/blood-pressure/art-20050982,\r\n\tBlood pressure chart: What your reading means - Mayo Clinic\r\n,1706,60,314,200,8,33
www.mayoclinic.org/diseases-conditions/cellulitis/symptoms-causes/syc-20370762,\r\n        Cellulitis - Symptoms and causes - Mayo Clinic,2408,60,520,200,10,33
www.mayoclinic.org/diseases-conditions/fibromyalgia/home/ovc-20317786,,545,60,286,301,0,0
www.mayoclinic.org/diseases-conditions/chronic-fatigue-syndrome/basics/definition/con-20022009,,910,60,315,301,0,0
www.mayoclinic.org/diseases-conditions/pulmonary-hypertension/symptoms-causes/syc-20350697,\r\n        Pulmonary hypertension - Symptoms and causes - Mayo Clinic,1898,60,459,200,10,26
www.mayoclinic.org/diseases-conditions/cancer/symptoms-causes/syc-20370588,\r\n        Cancer - Symptoms and causes - Mayo Clinic,2553,60,585,200,10,35
www.mayoclinic.org/digestive-system/expert-answers/faq-20058340,\r\n\tDigestion: How long does it take? - Mayo Clinic\r\n,2841,60,303,200,8,31
www.mayoclinic.org/diseases-conditions/hodgkins-lymphoma/symptoms-causes/syc-20352646,\r\n        Hodgkin's lymphoma (Hodgkin's disease) - Symptoms and causes - Mayo Clinic,1406,60,536,200,10,35
www.mayoclinic.org/healthy-living/stress-management/in-depth/positive-thinking/art-20043950,,977,60,358,301,0,0
www.mayoclinic.org/diseases-conditions/huntingtons-disease/symptoms-causes/syc-20356117,,1487,60,505,,10,25
www.mayoclinic.org/diseases-conditions/achilles-tendinitis/symptoms-causes/syc-20369020,\r\n        Achilles tendinitis - Symptoms and causes - Mayo Clinic,1242,60,397,200,10,32
www.mayoclinic.org/diseases-conditions/low-sperm-count/diagnosis-treatment/drc-20374591,\r\n        Low sperm count - Diagnosis and treatment - Mayo Clinic,877,60,296,200,10,34
www.mayoclinic.org/diseases-conditions/common-cold/expert-answers/zinc-for-colds/faq-20057769,\r\n\tZinc for colds: The final word? - Mayo Clinic\r\n,808,60,309,200,8,32
www.mayoclinic.org/diseases-conditions/appendicitis/symptoms-causes/syc-20369543,\r\n        Appendicitis - Symptoms and causes - Mayo Clinic,1986,60,437,200,10,33
www.mayoclinic.org/diseases-conditions/transient-ischemic-attack/symptoms-causes/syc-20355679,\r\n        Transient ischemic attack (TIA) - Symptoms and causes - Mayo Clinic,794,60,327,200,10,33
www.mayoclinic.org/diseases-conditions/spinal-stenosis/symptoms-causes/syc-20352961,\r\n        Spinal stenosis - Symptoms and causes - Mayo Clinic,3151,60,476,200,10,27
www.mayoclinic.org/healthy-lifestyle/nutrition-and-healthy-eating/in-depth/dash-diet/art-20047110,\r\n\tSample menus for the DASH diet - Mayo Clinic\r\n,759,60,295,200,10,36
www.mayoclinic.org/diseases-conditions/hiv-aids/symptoms-causes/syc-20373524,\r\n        HIV/AIDS - Symptoms and causes - Mayo Clinic,2793,60,575,200,10,33
www.mayoclinic.org/healthy-lifestyle/nutrition-and-healthy-eating/multimedia/antioxidants/sls-20076428,\r\n\tSlide show: Add antioxidants to your diet - Mayo Clinic\r\n,862,60,389,200,10,35
www.mayoclinic.org/diseases-conditions/acne/basics/causes/con-20020580,,741,60,349,301,0,0
www.mayoclinic.org/healthy-lifestyle/healthy-aging/in-depth/growth-hormone/art-20045735,\r\n\tHuman growth hormone (HGH): Does it slow aging? - Mayo Clinic\r\n,962,60,372,200,10,42
www.mayoclinic.org/diseases-conditions/irritable-bowel-syndrome/diagnosis-treatment/drc-20360064,\r\n        Irritable bowel syndrome - Diagnosis and treatment - Mayo Clinic,1637,60,554,200,11,36
www.mayoclinic.org/healthy-lifestyle,\r\n\tHealthy Lifestyle - Healthy Lifestyle - Mayo Clinic\r\n,23237,60,392,200,10,26
www.mayoclinic.org/symptoms/fatigue/basics/causes/sym-20050894,\r\n\tFatigue Causes - Mayo Clinic\r\n,835,60,306,200,10,34
www.mayoclinic.org/healthy-lifestyle/consumer-health/expert-answers/kombucha-tea/faq-20058126,\r\n\tKombucha tea: Does it have health benefits? - Mayo Clinic\r\n,795,60,364,200,10,29
www.mayoclinic.org/healthy-lifestyle/adult-health/in-depth/dental/art-20045536,\r\n\tOral health: Brush up on dental care basics - Mayo Clinic\r\n,181973,60,349,200,10,34
www.mayoclinic.org/healthy-lifestyle/infant-and-toddler-health/in-depth/teething/art-20046378,\r\n\tTeething: Tips for soothing sore gums - Mayo Clinic\r\n,596,60,315,200,10,33
www.mayoclinic.org/diseases-conditions/benign-prostatic-hyperplasia/symptoms-causes/syc-20370087,\r\n        Benign prostatic hyperplasia (BPH) - Symptoms and causes - Mayo Clinic,4117,60,411,200,10,35
www.mayoclinic.org/healthy-lifestyle/pregnancy-week-by-week/in-depth/placenta/art-20044425,"\r\n\tPlacenta: How it works, what's normal - Mayo Clinic\r\n",607,60,330,200,10,35
www.mayoclinic.org/diseases-conditions/gerd/basics/definition/con-20025201,,796,60,321,301,0,0
www.mayoclinic.org/diseases-conditions/borderline-personality-disorder/symptoms-causes/syc-20370237,\r\n        Borderline personality disorder - Symptoms and causes - Mayo Clinic,1348,60,534,200,12,35
www.mayoclinic.org/diseases-conditions/oral-thrush/symptoms-causes/syc-20353533,\r\n        Oral thrush - Symptoms and causes - Mayo Clinic,2116,60,574,200,0,0
www.mayoclinic.org/stool-color/expert-answers/faq-20058080,\r\n\tStool color: When to worry - Mayo Clinic\r\n,901,60,387,200,8,32
www.mayoclinic.org/diseases-conditions/seasonal-affective-disorder/basics/symptoms/con-20021047,,750,60,300,301,0,0
www.mayoclinic.org/healthy-lifestyle/tween-and-teen-health/in-depth/teen-suicide/art-20044308,\r\n\tTeen suicide: What parents need to know - Mayo Clinic\r\n,1279,60,351,200,10,27
www.mayoclinic.org/tests-procedures/botox/about/pac-20384658,\r\n        Botox injections - Mayo Clinic,1155,60,439,200,10,27
www.mayoclinic.org/diseases-conditions/vasovagal-syncope/symptoms-causes/syc-20350527,\r\n        Vasovagal syncope - Symptoms and causes - Mayo Clinic,1816,60,542,200,10,26
www.mayoclinic.org/diseases-conditions/pinched-nerve/symptoms-causes/syc-20354746,\r\n        Pinched nerve - Symptoms and causes - Mayo Clinic,941,60,392,200,10,34
www.mayoclinic.org/diseases-conditions/prediabetes/basics/definition/con-20024420,,503,60,277,301,0,0
www.mayoclinic.org/diseases-conditions/premature-ejaculation/symptoms-causes/syc-20354900,\r\n        Premature ejaculation - Symptoms and causes - Mayo Clinic,1408,60,453,200,10,32
www.mayoclinic.org/diseases-conditions/traumatic-brain-injury/basics/symptoms/con-20029302,,1255,60,307,301,0,0
www.mayoclinic.org/diseases-conditions/menopause/basics/definition/con-20019726,,947,60,320,301,0,0
www.mayoclinic.org/diseases-conditions/gerd/diagnosis-treatment/drc-20361959,\r\n        Gastroesophageal reflux disease (GERD) - Diagnosis and treatment - Mayo Clinic,1972,60,468,200,10,36